code,name,category
1301,極洋,水産・農林業
1332,ニッスイ,水産・農林業
1333,Umios,水産・農林業
1334,マルハニチロ HD,水産・農林業
1352,ホウスイ,卸売業
1375,ユキグニファクトリー,水産・農林業
1376,カネコ種苗,水産・農林業
1377,サカタのタネ,水産・農林業
1379,ホクト,水産・農林業
1380,秋川牧園,水産・農林業
1381,アクシーズ,水産・農林業
1382,ホーブ,水産・農林業
1383,ベルグアース,水産・農林業
1384,ホクリヨウ,食料品
1400,ルーデンHD,建設業
1401,エムビーエス,建設業
1405,サーラ住宅,建設業
1407,ウエスト HD,建設業
1408,サムシング HD,建設業
1413,ヒノキヤグループ,建設業
1414,ショーボンド HD,建設業
1417,ミライト・ワン,建設業
1418,インターライフ HD,建設業
1419,タマホーム,建設業
1420,サンヨーホームズ,建設業
1429,日本アクア,建設業
1430,ファーストコーポレーション,建設業
1431,Lib Work,建設業
1433,ベステラ,建設業
1434,JESCO HD,建設業
1435,robot home,不動産業
1436,グリーンエナジー&カンパニー,建設業
1438,岐阜造園,建設業
1439,安江工務店,建設業
1443,技研 HD,建設業
1444,ニッソウ,建設業
1446,キャンディル,建設業
1447,SAAF HD,建設業
1448,スペースバリュー HD,建設業
1449,FUJIジャパン,建設業
1450,TANAKEN,建設業
1451,KHC,建設業
1491,中外鉱業,非鉄金属
1514,住石 HD,鉱業
1515,日鉄鉱業,鉱業
1518,三井松島 HD,その他製品
1605,INPEX,鉱業
1606,日本海洋掘削,鉱業
1661,関東天然瓦斯開発,鉱業
1662,石油資源開発,鉱業
1663,K&Oエナジーグループ,鉱業
1701,昭和KDE,鉱業
1702,共立マテリアル,ガラス・土石製品
1711,SDS HD,建設業
1712,ダイセキ環境ソリューション,建設業
1716,第一カッター興業,建設業
1717,明豊ファシリティワークス,建設業
1718,美樹工業,建設業
1719,安藤・間,建設業
1720,東急建設,建設業
1721,コムシス HD,建設業
1722,ミサワホーム,建設業
1723,日本電技,建設業
1724,シンクレイヤ,建設業
1725,フジタ,建設業
1726,ビーアール HD,建設業
1728,ミサワホーム中国,建設業
1730,麻生フオームクリート,建設業
1734,北弘電社,建設業
1736,オーテック,建設業
1737,三井金属エンジニアリング,建設業
1738,ニットー,建設業
1739,メルディアDC,建設業
1742,セコムテクノサービス,サービス業
1743,コーアツ工業,建設業
1750,カナック,建設業
1751,日立プラント建設サービス,建設業
1756,和興エンジニアリング,建設業
1757,創建エース,建設業
1758,太洋基礎工業,建設業
1761,ミサワホーム北海道,建設業
1762,髙松コンストラクショングループ,建設業
1763,北陸ミサワホーム,建設業
1764,工藤建設,建設業
1766,東建コーポレーション,建設業
1767,沖ウィンテック,建設業
1768,ソネック,建設業
1770,藤田エンジニアリング,建設業
1771,日本乾溜工業,建設業
1773,ワイ・ティー・エル・コーポレーション・バーハッド,建設業
1775,富士電機E&C,建設業
1776,三井住建道路,建設業
1777,川崎設備工業,建設業
1778,古河総合設備,建設業
1780,ヤマウラ,建設業
1782,常磐開発,建設業
1783,fantasista,建設業
1786,オリエンタル白石,建設業
1787,ナカボーテック,建設業
1788,三東工業社,建設業
1789,ETS HD,建設業
1793,大本組,建設業
1795,マサル,建設業
1798,守谷商会,建設業
1799,第一建設工業,建設業
1801,大成建設,建設業
1802,大林組,建設業
1803,清水建設,建設業
1805,飛島建設,建設業
1807,佐藤渡辺,建設業
1808,長谷工コーポレーション,建設業
1810,松井建設,建設業
1811,錢高組,建設業
1812,鹿島建設,建設業
1813,不動テトラ,建設業
1814,大末建設,建設業
1815,鉄建建設,建設業
1816,安藤建設,建設業
1819,日鉄テックスエンジ,建設業
1820,西松建設,建設業
1821,三井住友建設,建設業
1822,大豊建設,建設業
1824,前田建設工業,建設業
1826,佐田建設,建設業
1827,ナカノフドー建設,建設業
1828,田辺工業,建設業
1832,北海電工,建設業
1833,奥村組,建設業
1834,大和小田急建設,建設業
1835,東鉄工業,建設業
1840,土屋 HD,建設業
1841,サンユー建設,建設業
1844,大盛工業,建設業
1846,鈴縫工業,建設業
1847,イチケン,建設業
1848,富士ピー・エス,建設業
1850,南海辰村建設,建設業
1852,淺沼組,建設業
1853,森組,建設業
1860,戸田建設,建設業
1861,熊谷組,建設業
1865,青木あすなろ建設,建設業
1866,北野建設,建設業
1867,植木組,建設業
1868,三井ホーム,建設業
1869,名工建設,建設業
1870,矢作建設工業,建設業
1871,ピーエス・コンストラクション,建設業
1873,日本ハウス HD,建設業
1875,青木マリーン,建設業
1878,大東建託,建設業
1879,新日本建設,建設業
1881,NIPPO,建設業
1882,東亜道路工業,建設業
1883,前田道路,建設業
1884,日本道路,建設業
1885,東亜建設工業,建設業
1887,日本国土開発,建設業
1888,若築建設,建設業
1890,東洋建設,建設業
1892,徳倉建設,建設業
1893,五洋建設,建設業
1895,大成ロテック,建設業
1896,大林道路,建設業
1897,金下建設,建設業
1898,世紀東急工業,建設業
1899,福田組,建設業
1904,大成温調,建設業
1905,テノックス,建設業
1906,細田工務店,建設業
1907,東北ミサワホーム,建設業
1909,日本ドライケミカル,機械
1911,住友林業,建設業
1914,日本基礎技術,建設業
1916,日成ビルド工業,建設業
1919,ヤマダ・エスバイエルホーム,建設業
1921,巴コーポレーション,建設業
1924,パナホーム,建設業
1925,大和ハウス工業,建設業
1926,ライト工業,建設業
1928,積水ハウス,建設業
1929,日特建設,建設業
1930,北陸電気工事,建設業
1931,日本電通,建設業
1933,SYSKEN,建設業
1934,ユアテック,建設業
1935,TTK,建設業
1936,シーキューブ,建設業
1937,西部電気工業,建設業
1938,日本リーテック,建設業
1939,四電工,建設業
1940,つうけん,建設業
1941,中電工,建設業
1942,関電工,建設業
1943,大明,建設業
1944,きんでん,建設業
1945,東京エネシス,建設業
1946,トーエネック,建設業
1948,弘電社,建設業
1949,住友電設,建設業
1950,日本電設工業,建設業
1951,エクシオグループ,建設業
1952,新日本空調,建設業
1954,日本工営,サービス業
1955,東電通,建設業
1956,NDS,建設業
1959,クラフティア,建設業
1960,サンテック,建設業
1961,三機工業,建設業
1963,日揮 HD,建設業
1964,中外炉工業,建設業
1965,テクノ菱和,建設業
1966,高田工業所,建設業
1967,ヤマト,建設業
1968,太平電業,建設業
1969,高砂熱学工業,建設業
1970,日立プラントテクノロジー,建設業
1971,中央ビルト工業,金属製品
1972,三晃金属工業,建設業
1973,NECネッツエスアイ,情報・通信業
1975,朝日工業社,建設業
1976,明星工業,建設業
1978,アタカ大機,機械
1979,大気社,建設業
1980,ダイダン,建設業
1981,協和日成,建設業
1982,日比谷総合設備,建設業
1983,東芝プラントシステム,建設業
1984,三信建設工業,建設業
1985,大和電設工業,建設業
1986,日商インターライフ,建設業
1987,ソルコム,建設業
1989,北陸電話工事,建設業
1990,東邦建,建設業
1992,神田通信機,建設業
1994,高橋カーテンウォール工業,建設業
1997,暁飯島工業,建設業
1999,サイタ HD,建設業
2001,ニップン,食料品
2002,日清製粉G,食料品
2003,日東富士製粉,食料品
2004,昭和産業,食料品
2006,東福製粉,食料品
2008,増田製粉所,食料品
2009,鳥越製粉,食料品
2051,日本農産工業,食料品
2052,協同飼料,食料品
2053,中部飼料,食料品
2055,日和産業,食料品
2056,日本配合飼料,食料品
2058,ヒガシマル,食料品
2059,ユニ・チャームペットケア,その他製品
2060,フィード・ワン,食料品
2107,東洋精糖,食料品
2108,日本甜菜製糖,食料品
2109,DM三井製糖,食料品
2112,塩水港精糖,食料品
2114,フジ日本,食料品
2116,日新製糖,食料品
2117,ウェルネオシュガー,食料品
2120,LIFULL,サービス業
2121,MIXI,サービス業
2122,インタースペース,サービス業
2123,シミックファーマサイエンス,サービス業
2124,ジェイエイシーリクルートメント,サービス業
2125,日本クラウド証券,証券、商品先物取引業
2127,日本M&Aセンター HD,サービス業
2128,ノバレーゼ,サービス業
2130,メンバーズ,サービス業
2131,アコーディア・ゴルフ,サービス業
2132,アイレップ,サービス業
2133,GABA,サービス業
2134,北浜キャピタルパートナーズ,サービス業
2135,VSN,サービス業
2136,ヒップ,サービス業
2137,光ハイツ・ヴェラス,サービス業
2138,クルーズ,情報・通信業
2139,中広,サービス業
2140,クラウドゲート,サービス業
2144,やまねメディカル,サービス業
2145,データリンクス,サービス業
2146,UTグループ,サービス業
2147,フジスタッフ HD,サービス業
2148,アイティメディア,サービス業
2150,ケアネット,サービス業
2151,タケエイ,サービス業
2152,幼児活動研究会,サービス業
2153,E・J HD,サービス業
2154,オープンアップグループ,サービス業
2155,カービュー,サービス業
2156,セーラー広告,サービス業
2157,コシダカ HD,サービス業
2158,FRONTEO,サービス業
2159,フルスピード,サービス業
2160,ジーエヌアイグループ,医薬品
2162,nms HD,サービス業
2163,アルトナー,サービス業
2164,地域新聞社,サービス業
2165,野村不動産ライフ&スポーツ,サービス業
2166,MICメディカル,サービス業
2167,ウェブマネー,サービス業
2168,パソナグループ,サービス業
2169,CDS,サービス業
2170,リンクアンドモチベーション,サービス業
2172,インサイト,サービス業
2173,博展,サービス業
2174,GCA,サービス業
2175,エス・エム・エス,サービス業
2176,イナリサーチ,サービス業
2177,ベンチャーリパブリック,サービス業
2178,トライステージ,サービス業
2179,成学社,サービス業
2180,サニーサイドアップグループ,サービス業
2181,パーソル HD,サービス業
2182,メディサイエンスプラニング,サービス業
2183,リニカル,サービス業
2185,シイエム・シイ,サービス業
2186,ソーバル,サービス業
2189,バディーグループ,サービス業
2190,JCLバイオアッセイ,サービス業
2191,テラ,サービス業
2193,クックパッド,サービス業
2195,アミタ HD,サービス業
2196,エスクリ,サービス業
2198,アイ・ケイ・ケイ HD,サービス業
2201,森永製菓,食料品
2202,Meiji Seikaファルマ,食料品
2204,中村屋,食料品
2206,江崎グリコ,食料品
2207,meito,食料品
2208,ブルボン,食料品
2209,井村屋グループ,食料品
2211,不二家,食料品
2212,山崎製パン,食料品
2215,第一屋製パン,食料品
2216,カンロ,食料品
2217,モロゾフ,食料品
2218,日糧製パン,食料品
2220,亀田製菓,食料品
2221,岩塚製菓,食料品
2222,寿スピリッツ,食料品
2224,コモ,食料品
2226,湖池屋,食料品
2228,シベール,食料品
2229,カルビー,食料品
2230,五洋食品産業,食料品
2261,明治,食料品
2262,雪印乳業,食料品
2264,森永乳業,食料品
2266,六甲バター,食料品
2267,ヤクルト本社,食料品
2268,B-Rサーティワンアイスクリーム,食料品
2269,明治 HD,食料品
2270,雪印メグミルク,食料品
2281,プリマハム,食料品
2282,日本ハム,食料品
2284,伊藤ハム,食料品
2286,林兼産業,食料品
2288,丸大食品,食料品
2289,相模ハム,食料品
2290,米久,食料品
2291,福留ハム,食料品
2292,エスフーズ,食料品
2293,滝沢ハム,食料品
2294,柿安本店,食料品
2296,伊藤ハム米久 HD,食料品
2300,きょくとう,サービス業
2301,学情,サービス業
2303,ドーン,情報・通信業
2304,CSS HD,サービス業
2305,スタジオアリス,サービス業
2306,TOKAIコミュニケーションズ,サービス業
2307,クロスキャット,情報・通信業
2309,シミック HD,サービス業
2310,イーシー・ワン,サービス業
2311,エプコ,サービス業
2315,CAICA DIGITAL,情報・通信業
2317,システナ,情報・通信業
2318,クレスト・インベストメンツ,サービス業
2321,ソフトフロント HD,情報・通信業
2322,NECフィールディング,サービス業
2323,fonfun,情報・通信業
2325,NJS,サービス業
2326,デジタルアーツ,情報・通信業
2327,日鉄ソリューションズ,情報・通信業
2329,東北新社,情報・通信業
2330,フォーサイド,情報・通信業
2331,ALSOK,サービス業
2332,クエスト,情報・通信業
2333,ジー・モード,サービス業
2334,イオレ,サービス業
2335,キューブシステム,情報・通信業
2337,いちご,サービス業
2338,クオンタムソリューションズ,情報・通信業
2340,極楽湯 HD,サービス業
2341,アルバイトタイムス,サービス業
2342,トランスジェニックグループ,サービス業
2344,平安レイサービス,サービス業
2345,クシム,情報・通信業
2347,シブヤテレビジョングループ,サービス業
2349,エヌアイデイ,情報・通信業
2351,ASJ,情報・通信業
2352,WOW WORLD,情報・通信業
2353,日本駐車場開発,不動産業
2354,YE DIGITAL,情報・通信業
2355,SBIネットシステムズ,サービス業
2356,TCB HD,サービス業
2359,コア,情報・通信業
2360,ウィーヴ,サービス業
2362,夢真 HD,サービス業
2363,モック,サービス業
2368,洛王セレモニー,サービス業
2369,メディビックグループ,サービス業
2370,メディネット,サービス業
2371,カカクコム,サービス業
2372,アイロムグループ,サービス業
2373,ケア21,サービス業
2374,セントケア・ホールディング,サービス業
2375,ギグワークス,サービス業
2376,サイネックス,サービス業
2378,ルネサンス,サービス業
2379,ディップ,サービス業
2384,SBS HD,陸運業
2385,総医研 HD,サービス業
2388,ウェッジ HD,その他金融業
2389,デジタル HD,サービス業
2391,プラネット,サービス業
2392,セキュアード・キャピタル・ジャパン,サービス業
2393,日本ケアサプライ,サービス業
2394,ジェイ・エー・エー,サービス業
2395,新日本科学,サービス業
2396,パソナテック,サービス業
2397,DNAチップ研究所,サービス業
2398,ツクイ HD,サービス業
2399,綜合臨床 HD,サービス業
2400,SOMPOケアメッセージ,サービス業
2402,アマナ,サービス業
2403,リンク・ワン,サービス業
2404,鉄人化 HD,サービス業
2405,フジコー,サービス業
2406,アルテサロン HD,サービス業
2408,KG情報,サービス業
2409,ネクストジャパン HD,サービス業
2410,キャリアデザインセンター,サービス業
2411,ゲンダイエージェンシー,情報・通信業
2412,ベネフィット・ワン,サービス業
2413,エムスリー,サービス業
2414,塩見 HD,サービス業
2415,ヒューマン HD,サービス業
2416,ローソンエンターメディア,小売業
2417,ZWEI,サービス業
2418,ツカダ・グローバルホールディング,サービス業
2419,日本ERI,サービス業
2420,CHINTAI,サービス業
2423,ジェイエムテクノロジー,サービス業
2424,ブラス,サービス業
2425,ケアサービス,サービス業
2426,ピーアンドピー,サービス業
2427,BREXA Next,サービス業
2428,ウェルネット,サービス業
2429,ワールド HD,サービス業
2430,デジタルスケープ,サービス業
2431,日本テクシード,サービス業
2432,ディー・エヌ・エー,サービス業
2433,博報堂DY HD,サービス業
2434,高砂丸誠エンジニアリングサービス,サービス業
2435,シダー,サービス業
2436,共同ピーアール,サービス業
2437,Shinwa Wise HD,サービス業
2438,アスカネット,サービス業
2440,ぐるなび,サービス業
2444,セレブリックス,サービス業
2445,タカミヤ,サービス業
2446,ゼンケン HD,サービス業
2447,太陽商会,サービス業
2449,プラップジャパン,サービス業
2450,一休,サービス業
2451,メディアクリエイト,サービス業
2453,ジャパンベストレスキューシステム,サービス業
2454,オールアバウト,サービス業
2458,夢テクノロジー,サービス業
2459,アウンコンサルティング,サービス業
2460,アプレシオ,サービス業
2461,ファンコミュニケーションズ,サービス業
2462,ライク,サービス業
2463,シニアコミュニケーション,サービス業
2464,AobaーBBT,サービス業
2466,PGM HD,サービス業
2467,VLCセキュリティ,サービス業
2468,フュートレック,サービス業
2469,ヒビノ,サービス業
2471,エスプール,サービス業
2475,WDB HD,サービス業
2477,手間いらず,サービス業
2478,イデラキャピタルマネジメント,サービス業
2479,ジェイテック,サービス業
2480,システム・ロケーション,サービス業
2481,タウンニュース社,サービス業
2483,翻訳センター,サービス業
2484,出前館,情報・通信業
2485,ティア,サービス業
2487,CDG,サービス業
2488,JTP,サービス業
2489,アドウェイズ,サービス業
2490,アミタ,サービス業
2491,バリューコマース,サービス業
2492,インフォマート,サービス業
2493,イーサポートリンク,サービス業
2494,メディカル・ケア・サービス,サービス業
2495,アキナジスタ,サービス業
2496,アルク,サービス業
2497,ユナイテッド,サービス業
2498,オリエンタルコンサルタンツ HD,サービス業
2499,日本和装 HD,サービス業
2501,サッポロ HD,食料品
2502,アサヒグループ HD,食料品
2503,キリン HD,食料品
2531,宝 HD,食料品
2533,オエノン HD,食料品
2536,メルシャン,食料品
2538,ジャパン・フード&リカー・アライアンス,食料品
2540,養命酒製造,食料品
2551,マルサンアイ,食料品
2572,三国コカ・コーラボトリング,食料品
2573,北海道コカ・コーラボトリング,食料品
2578,四国コカ・コーラボトリング,食料品
2579,コカ・コーラボトラーズジャパン HD,食料品
2580,コカ・コーラボトラーズジャパン,食料品
2585,ライフドリンクカンパニー,食料品
2586,フルッタフルッタ,食料品
2587,サントリー食品インターナショナル,食料品
2588,プレミアムウォーター HD,食料品
2589,ゴールドパック,食料品
2590,ダイドーグループ HD,食料品
2593,伊藤園,食料品
2594,キーコーヒー,食料品
2597,ユニカフェ,食料品
2599,ジャパンフーズ,食料品
2602,日清オイリオグループ,食料品
2607,不二製油,食料品
2608,ボーソー油脂,食料品
2611,攝津製油,食料品
2612,かどや製油,食料品
2613,J-オイルミルズ,食料品
2651,ローソン,小売業
2652,まんだらけ,小売業
2653,イオン九州,小売業
2654,アスモ,卸売業
2655,イオン東北,小売業
2656,ベクター HD,小売業
2657,インターニックス,卸売業
2658,ウライ,卸売業
2659,サンエー,小売業
2660,キリン堂,小売業
2662,ダイユーエイト,小売業
2664,カワチ薬品,小売業
2665,三井情報,情報・通信業
2666,オートウェーブ,小売業
2667,イメージワン,卸売業
2668,タビオ,卸売業
2669,カネ美食品,小売業
2670,エービーシー・マート,小売業
2673,夢みつけ隊,小売業
2674,ハードオフコーポレーション,小売業
2675,ダイナック HD,小売業
2676,高千穂交易,卸売業
2678,アスクル,小売業
2679,K-GOLDインターナショナル,小売業
2681,ゲオ HD,小売業
2682,ジューテック,卸売業
2683,魚喜,小売業
2684,ジパング,鉱業
2685,アンドエスティHD,小売業
2686,ジーフット,小売業
2687,シー・ヴイ・エス・ベイエリア,小売業
2689,オルバヘルスケア HD,卸売業
2690,ソフマップ,小売業
2692,伊藤忠食品,卸売業
2693,YKT,卸売業
2694,焼肉坂井 HD,小売業
2695,くら寿司,小売業
2696,大和フーヅ,小売業
2698,キャンドゥ,小売業
2700,木徳神糧,卸売業
2702,日本マクドナルド HD,小売業
2703,日本ライトン,卸売業
2705,大戸屋 HD,小売業
2706,ブロッコリー,小売業
2708,久世,卸売業
2710,シーエスロジネット,卸売業
2712,スターバックスコーヒージャパン,小売業
2714,プラマテルズ,卸売業
2715,エレマテック,卸売業
2718,マツモトキヨシ九州販売,小売業
2719,キタムラ,小売業
2721,ジェイ HD,卸売業
2722,IK HD,小売業
2724,インスパイアー,卸売業
2725,アイ・ティー・エックス(ITX),卸売業
2726,パルグループ HD,小売業
2727,テンコーポレーション,小売業
2729,JALUX,卸売業
2730,エディオン,小売業
2733,あらた,卸売業
2734,サーラコーポレーション,小売業
2735,ワッツ,小売業
2736,フェスタリア HD,小売業
2737,トーメンデバイス,卸売業
2738,バルス,小売業
2742,ハローズ,小売業
2743,ピクセルカンパニーズ,卸売業
2744,ウイン・インターナショナル,卸売業
2747,北雄ラッキー,小売業
2749,JP HD,サービス業
2750,石光商事,卸売業
2751,テンポス HD,卸売業
2752,フジオフードG,小売業
2753,あみやき亭,小売業
2754,東葛 HD,小売業
2757,オストジャパングループ,小売業
2759,アイフラッグ,卸売業
2760,東京エレクトロンデバイス,卸売業
2761,トシン・グループ,卸売業
2762,SANKO MARKETING FOODS,小売業
2763,エフティグループ,卸売業
2764,ひらまつ,小売業
2766,日本風力開発,卸売業
2767,円谷フィールズ HD,卸売業
2768,双日,卸売業
2769,ヴィレッジヴァンガードコーポレーション,小売業
2772,ゲンキー,小売業
2773,ミューチュアル,機械
2774,一髙たかはし,小売業
2776,新都 HD,卸売業
2777,カッシーナ・イクスシー,卸売業
2778,パレモHD,小売業
2780,コメ兵 HD,小売業
2782,セリア,小売業
2784,アルフレッサ HD,卸売業
2786,サッポロドラッグストアー,小売業
2788,アップルインターナショナル,卸売業
2789,カルラ,小売業
2790,ナフコ,小売業
2791,大黒天物産,小売業
2792,ハニーズ HD,小売業
2795,日本プリメックス,卸売業
2796,ファーマライズ HD,サービス業
2798,ワイズテーブルコーポレーション,小売業
2799,パイオン,情報・通信業
2801,キッコーマン,食料品
2802,味の素,食料品
2804,ブルドックソース,食料品
2805,ヱスビー食品,食料品
2806,ユタカフーズ,食料品
2809,キユーピー,食料品
2810,ハウス食品G,食料品
2811,カゴメ,食料品
2812,焼津水産化学工業,食料品
2813,和弘食品,食料品
2814,佐藤食品工業,食料品
2815,アリアケジャパン,食料品
2816,ダイショー,食料品
2817,ギャバン,食料品
2818,ピエトロ,食料品
2819,エバラ食品工業,食料品
2820,やまみ,食料品
2830,アヲハタ,食料品
2831,はごろもフーズ,食料品
2871,ニチレイ,食料品
2872,セイヒョー,食料品
2874,横浜冷凍,卸売業
2875,東洋水産,食料品
2876,デルソーレ,食料品
2877,日東ベスト,食料品
2882,イートアンド HD,食料品
2883,大冷,食料品
2884,ヨシムラ・フードHD,サービス業
2891,オリエンタル酵母工業,食料品
2892,日本食品化工,食料品
2893,ローマイヤ,食料品
2894,石井食品,食料品
2897,日清食品 HD,食料品
2898,ソントン食品工業,食料品
2899,永谷園 HD,食料品
2901,ウェルディッシュ,食料品
2902,太陽化学,食料品
2903,シノブフーズ,食料品
2904,一正蒲鉾,食料品
2905,オーケー食品工業,食料品
2906,ホッコク,食料品
2907,あじかん,食料品
2908,フジッコ,食料品
2909,トオカツフーズ,食料品
2910,ロック・フィールド,食料品
2911,旭松食品,食料品
2912,鐘崎,食料品
2913,フジフーズ,食料品
2914,日本たばこ産業,食料品
2915,ケンコーマヨネーズ,食料品
2916,仙波糖化工業,食料品
2917,大森屋,食料品
2918,わらべや日洋 HD,食料品
2919,マルタイ,食料品
2921,フクシマフーズ,食料品
2922,なとり,食料品
2923,サトウ食品,食料品
2924,イフジ産業,食料品
2925,ピックルスコーポレーション,食料品
2926,篠崎屋,食料品
2927,AFC-HDアムスライフサイエンス,食料品
2928,RIZAPグループ,小売業
2929,ファーマフーズ,食料品
2930,北の達人コーポレーション,化学
2931,ユーグレナ,食料品
2932,STIフード HD,食料品
2933,紀文食品,食料品
2934,ジェイフロンティア,情報・通信業
2935,ピックルス HD,食料品
2936,ベースフード,小売業
2937,サンクゼール,食料品
2938,オカムラ食品工業,食料品
2961,日本調理機,機械
2962,テクニスコ,金属製品
2970,GLC GROUP,不動産業
2974,大英産業,不動産業
2975,スター・マイカHD,不動産業
2976,日本グランデ,不動産業
2978,ツクルバ,不動産業
2980,SRE HD,不動産業
2981,ランディックス,不動産業
2982,ADワークスグループ,不動産業
2983,アールプランナー,不動産業
2984,ヤマイチエステート,不動産業
2986,LA HD,不動産業
2987,タスキ,不動産業
2991,ランドネット,不動産業
2993,長栄,不動産業
2997,ストレージ王,不動産業
2998,クリアル,不動産業
2999,ホームポジション,不動産業
3001,片倉工業,繊維製品
3002,グンゼ,繊維製品
3003,ヒューリック,不動産業
3004,神栄,卸売業
3010,ポラリスHD,サービス業
3011,バナーズ,小売業
3020,アプライド,小売業
3021,パシフィックネット,小売業
3022,山下医科器械,卸売業
3023,ラサ商事,卸売業
3024,クリエイト,卸売業
3027,レデイ薬局,小売業
3028,アルペン,小売業
3030,ハブ,小売業
3031,ラクーン HD,卸売業
3032,ゴルフ・ドゥ,小売業
3034,クオール HD,小売業
3035,ケイティケイ,卸売業
3036,アルコニックス,卸売業
3037,スタイライフ,小売業
3038,神戸物産,卸売業
3040,ソリトンシステムズ,情報・通信業
3041,ビューティカダン HD,卸売業
3042,セキュアヴェイル,情報・通信業
3043,モジュレ,卸売業
3045,カワサキ,卸売業
3046,ジンズ HD,小売業
3047,TRUCK-ONE,卸売業
3048,ビックカメラ,小売業
3049,エノテカ,小売業
3050,DCM HD,小売業
3052,協和医科器械,卸売業
3053,ペッパーフードサービス,小売業
3054,ハイパー,卸売業
3055,ほくやく・竹山 HD,卸売業
3057,ゼットン,小売業
3058,三洋堂 HD,小売業
3059,ヒラキ,小売業
3060,マガシーク,小売業
3061,KFE JAPAN,卸売業
3063,ジェイグループ HD,小売業
3064,MonotaRO,小売業
3065,ライフフーズ,小売業
3066,JBイレブン,小売業
3067,東京一番フーズ,小売業
3068,WDI,小売業
3069,JFLA HD,小売業
3070,ジェリービーンズグループ,卸売業
3071,ストリーム,小売業
3073,DDグループ,小売業
3075,銚子丸,小売業
3076,あい HD,卸売業
3077,ホリイフードサービス,小売業
3078,ユニバース,小売業
3079,ディーブイエックス,卸売業
3080,ジェーソン,小売業
3082,きちり HD,小売業
3083,スターシーズ,小売業
3085,アークランドサービス HD,小売業
3086,J.フロントリテイリング,小売業
3087,ドトール・日レス HD,小売業
3088,マツキヨココカラ&カンパニー,小売業
3089,テクノアルファ,卸売業
3090,ミネルヴァHD,小売業
3091,ブロンコビリー,小売業
3092,ZOZO,小売業
3093,トレジャー・ファクトリー,小売業
3094,スーパーバリュー,小売業
3095,エレマテック(旧会社名大西電気),卸売業
3096,オーシャンシステム,小売業
3097,物語コーポレーション,小売業
3098,ココカラファイングループ,小売業
3099,三越伊勢丹 HD,小売業
3101,東洋紡,化学
3103,ユニチカ,繊維製品
3104,富士紡 HD,繊維製品
3105,日清紡 HD,電気機器
3106,倉敷紡績,繊維製品
3107,ダイワボウ HD,卸売業
3109,シキボウ,繊維製品
3110,日東紡績,ガラス・土石製品
3111,オーミケンシ,繊維製品
3113,UNIVA・Oak HD,証券、商品先物取引業
3114,プロジェHD,繊維製品
3116,トヨタ紡織,輸送用機器
3121,マーチャント・バンカーズ,サービス業
3123,サイボー,繊維製品
3125,新内外綿,繊維製品
3129,ファブリカトヤマ,繊維製品
3131,シンデン・ハイテックス,卸売業
3132,マクニカ HD,卸売業
3133,海帆,小売業
3134,Hamee,小売業
3135,マーケットエンタープライズ,サービス業
3136,エコノス,小売業
3137,ファンデリー,小売業
3138,富士山マガジンサービス,小売業
3139,ラクト・ジャパン,卸売業
3140,BRUNO,卸売業
3141,ウエルシア HD,小売業
3143,オーウイル,卸売業
3146,らでぃっしゅぼーや,サービス業
3147,リックコーポレーション,小売業
3148,クリエイトSD HD,小売業
3150,グリムス,卸売業
3151,バイタルケーエスケーHD,卸売業
3153,八洲電機,卸売業
3154,メディアス HD,卸売業
3156,レスター,卸売業
3157,ジオリーブグループ,卸売業
3159,丸善CHI HD,小売業
3160,大光,卸売業
3161,アゼアス,卸売業
3163,トータル・メディカルサービス,小売業
3165,フーマイスターエレクトロニクス,卸売業
3166,OCHI HD,卸売業
3167,TOKAI HD,卸売業
3168,MERF,卸売業
3169,ミサワ,小売業
3170,アイセイ薬局,小売業
3171,マックスバリュ九州,小売業
3172,ティーライフ,小売業
3173,Cominix,卸売業
3174,ハピネス・アンド・ディ,小売業
3175,エー・ピー HD,小売業
3176,三洋貿易,卸売業
3177,ありがとうサービス,小売業
3178,チムニー,小売業
3179,シュッピン,小売業
3180,ビューティガレージ,卸売業
3181,買取王国,小売業
3182,オイシックス・ラ・大地,サービス業
3183,ウイン・パートナーズ,卸売業
3184,ICDA HD,小売業
3185,夢展望,小売業
3186,ネクステージ,小売業
3187,ミラタップ,小売業
3188,エコグリーン,パルプ・紙
3189,ANAP HD,小売業
3190,ホットマン,小売業
3191,ジョイフル本田,小売業
3192,白鳩,小売業
3193,エターナルホスピタリティグループ,小売業
3194,キリン堂 HD,小売業
3195,ジェネレーションパス,小売業
3196,ホットランド HD,小売業
3197,すかいらーく HD,小売業
3198,SFP HD,小売業
3199,綿半 HD,小売業
3201,日本毛織,繊維製品
3202,ダイトウボウ,繊維製品
3204,トーア紡コーポレーション,繊維製品
3205,ダイドーリミテッド,繊維製品
3209,カネヨウ,卸売業
3211,太陽毛絲紡績,繊維製品
3216,御幸毛織,繊維製品
3221,ヨシックス HD,小売業
3222,ユナイテッド・スーパーマーケットHD,小売業
3223,エスエルディー,小売業
3224,ゼネラル・オイスター,小売業
3225,東京建物不動産販売,不動産業
3228,メルディア,不動産業
3230,スター・マイカ,不動産業
3231,野村不動産 HD,不動産業
3232,三重交通グループ HD,不動産業
3233,ファンドクリエーション,サービス業
3235,トラストパーク,不動産業
3236,プロパスト,不動産業
3237,イントランス,不動産業
3238,セントラル総合開発,不動産業
3239,総和地所,不動産業
3241,ウィル,不動産業
3242,アーバネットコーポレーション,不動産業
3243,ダイヨシトラスト,不動産業
3244,サムティ,不動産業
3245,ディア・ライフ,不動産業
3246,コーセーアールイー,不動産業
3248,アールエイジ,不動産業
3250,エー・ディー・ワークス,不動産業
3251,駐車場綜合研究所,不動産業
3252,地主,不動産業
3254,プレサンスコーポレーション,不動産業
3258,ユニゾ HD,不動産業
3259,グローバル住販,不動産業
3260,エスポア,不動産業
3261,グランディーズ,不動産業
3264,アスコット,不動産業
3265,ヒューリック,不動産業
3266,ファンドクリエーショングループ,不動産業
3267,フィル・カンパニー,建設業
3268,一建設,不動産業
3271,THEグローバル社,不動産業
3272,エイブル&パートナーズ,不動産業
3274,アイディホーム,不動産業
3275,ハウスコム,不動産業
3276,JPMC,不動産業
3277,サンセイランディック,不動産業
3280,エストラスト,不動産業
3284,フージャース HD,不動産業
3286,トラスト HD,不動産業
3288,オープンハウスグループ,不動産業
3289,東急不動産 HD,不動産業
3291,飯田グループ HD,不動産業
3293,アズマハウス,不動産業
3294,イーグランド,不動産業
3297,東武住販,不動産業
3299,ムゲンエステート,不動産業
3300,アンビションDX HD,不動産業
3302,帝国繊維,繊維製品
3306,日本製麻,卸売業
3311,アップガレージ,小売業
3313,ブックオフコーポレーション,小売業
3315,日本コークス工業,石油・石炭製品
3316,TCS,卸売業
3317,フライングガーデン,小売業
3318,メガネスーパー,小売業
3319,ゴルフダイジェスト・オンライン,小売業
3320,クロスプラス,卸売業
3321,ミタチ産業,卸売業
3322,アルファグループ,卸売業
3323,レカム,卸売業
3325,Rakuten Direct,小売業
3326,ランシステム,小売業
3328,BEENOS,小売業
3329,東和フードサービス,小売業
3330,アガスタ,卸売業
3331,ACリアルエステイト,小売業
3333,あさひ,小売業
3338,九九プラス,小売業
3341,日本調剤,小売業
3343,チップワンストップ,卸売業
3344,ワンダーコーポレーション,小売業
3346,ヒロタグループ HD,小売業
3347,トラスト,小売業
3348,ジー・トレーディング,卸売業
3349,コスモス薬品,小売業
3350,メタプラネット,卸売業
3351,TRNコーポレーション,小売業
3352,バッファロー,小売業
3353,メディカル一光グループ,小売業
3354,チェルト,小売業
3355,クリヤマ HD,卸売業
3356,テリロジー,卸売業
3358,Trailhead Global HD,小売業
3359,cotta,卸売業
3360,シップヘルスケア HD,卸売業
3361,トーエル,小売業
3362,チムニー,小売業
3364,ナルミヤ・インターナショナル,卸売業
3366,一六堂,小売業
3370,フジタコーポレーション,小売業
3371,ソフトクリエイト HD,情報・通信業
3372,関門海,小売業
3373,リンク・セオリーHD,小売業
3374,内外テック,卸売業
3375,ZOA,小売業
3376,オンリー,小売業
3377,バイク王&カンパニー,卸売業
3381,ビズネット,小売業
3382,セブン&アイHD,小売業
3383,ノア,卸売業
3384,アークコア,卸売業
3385,薬王堂,小売業
3386,コスモ・バイオ,卸売業
3387,クリエイト・レストランツHD,小売業
3388,明治電機工業,卸売業
3390,INT,卸売業
3391,ツルハ HD,小売業
3392,デリカフーズ HD,卸売業
3393,スターティア HD,卸売業
3394,ネットワークバリューコンポネンツ,卸売業
3395,サンマルク HD,小売業
3396,フェリシモ,小売業
3397,トリドール HD,小売業
3398,クスリのアオキ,小売業
3399,丸千代山岡家,小売業
3401,帝人,繊維製品
3402,東レ,繊維製品
3404,三菱ケミカル,化学
3405,クラレ,化学
3407,旭化成,化学
3408,サカイオーベックス,繊維製品
3409,北紡,繊維製品
3415,TOKYO BASE,小売業
3416,ピクスタ,小売業
3417,大木ヘルスケア HD,卸売業
3418,バルニバービ,サービス業
3419,アートグリーン,卸売業
3420,ケー・エフ・シー,金属製品
3421,稲葉製作所,金属製品
3422,J-MAX,金属製品
3423,エスイー,金属製品
3424,ミヤコ,金属製品
3426,アトムリビンテック,金属製品
3429,アドバネクスモーションデザイン,卸売業
3431,宮地エンジニアリンググループ,金属製品
3432,三協・立山 HD,非鉄金属
3433,トーカロ,金属製品
3434,アルファ,金属製品
3435,サンコーテクノ,金属製品
3436,SUMCO,金属製品
3437,特殊電極,金属製品
3439,三ツ知,金属製品
3440,日創グループ,金属製品
3441,山王,金属製品
3442,MIEコーポレーション,金属製品
3443,川田テクノロジーズ,金属製品
3444,菊池製作所,金属製品
3445,RS Technologies,金属製品
3446,ジェイテックコーポレーション,金属製品
3447,信和,金属製品
3449,テクノフレックス,金属製品
3452,ビーロット,不動産業
3454,ファーストブラザーズ,不動産業
3457,And Do HD,不動産業
3458,シーアールイー,不動産業
3461,パルマ,不動産業
3464,プロパティエージェント,不動産業
3465,ケイアイスター不動産,不動産業
3467,アグレ都市デザイン,不動産業
3469,デュアルタップ,不動産業
3474,G-FACTORY,不動産業
3475,グッドコムアセット,不動産業
3477,フォーライフ,不動産業
3479,ティーケーピー,不動産業
3480,ジェイ・エス・ビー,不動産業
3482,ロードスターキャピタル,不動産業
3484,イノベーション HD,不動産業
3486,グローバル・リンク・マネジメント,不動産業
3489,フェイスネットワーク,不動産業
3490,アズ企画設計,不動産業
3491,GA technologies,不動産業
3494,マリオン,不動産業
3495,香陵住販,不動産業
3496,アズーム,不動産業
3497,LeTech,不動産業
3498,霞ヶ関キャピタル,不動産業
3501,SUMINOE,繊維製品
3504,丸八 HD,繊維製品
3512,日本フエルト,繊維製品
3513,イチカワ,繊維製品
3514,日本バイリーン,繊維製品
3515,フジコー,繊維製品
3521,テルマー湯 HD,不動産業
3524,日東製網,繊維製品
3526,芦森工業,繊維製品
3528,ミライノベート,不動産業
3529,アツギ,繊維製品
3534,NBCメッシュテック,その他製品
3536,アクサス HD,小売業
3537,昭栄薬品,卸売業
3538,ウイルプラス HD,小売業
3539,JM HD,小売業
3540,歯愛メディカル,卸売業
3541,農業総合研究所,サービス業
3542,ベガコーポレーション,小売業
3543,コメダ HD,卸売業
3544,サツドラ HD,小売業
3545,デファクトスタンダード,小売業
3546,アレンザ HD,小売業
3547,ユニシア HD,小売業
3548,バロックジャパンリミテッド,小売業
3549,クスリのアオキ HD,小売業
3550,スタジオアタオ,小売業
3551,ダイニック,繊維製品
3552,東洋クロス,化学
3553,共和レザー,化学
3556,リネットジャパングループ,小売業
3557,ユナイテッド&コレクティブ,小売業
3558,ジェイドグループ,小売業
3559,ピーバンドットコム,卸売業
3560,ほぼ日,小売業
3561,力の源 HD,小売業
3562,No.1,卸売業
3563,FOOD&LIFE COMPANIES,小売業
3564,LIXILビバ,小売業
3565,アセンテック,卸売業
3566,ユニフォームネクスト,小売業
3569,セーレン,繊維製品
3571,ソトー,繊維製品
3577,東海染工,繊維製品
3578,倉庫精練,繊維製品
3580,小松マテーレ,繊維製品
3583,オーベクス,繊維製品
3585,トムス・エンタテインメント,繊維製品
3587,グローバルアジア HD,繊維製品
3591,ワコール HD,繊維製品
3593,ホギメディカル,繊維製品
3597,自重堂,繊維製品
3598,山喜,繊維製品
3599,コーコス信岡,繊維製品
3600,フジックス,繊維製品
3604,川本産業,繊維製品
3605,サンエー・インターナショナル,繊維製品
3606,レナウン,繊維製品
3607,クラウディア HD,繊維製品
3608,TSI HD,繊維製品
3611,マツオカコーポレーション,繊維製品
3612,ワールド,卸売業
3620,デジタルハーツ,情報・通信業
3622,ネットイヤーグループ,情報・通信業
3623,ビリングシステム,情報・通信業
3624,アクセルマーク,情報・通信業
3625,テックファーム HD,情報・通信業
3626,TIS,情報・通信業
3627,テクミラ HD,情報・通信業
3628,データホライゾン,情報・通信業
3629,クロス・マーケティング,情報・通信業
3630,電算システム,情報・通信業
3632,グリー HD,情報・通信業
3633,GMOペパボ,情報・通信業
3634,ソケッツ,情報・通信業
3635,コーエーテクモ HD,情報・通信業
3636,三菱総合研究所,情報・通信業
3639,ボルテージ,情報・通信業
3640,電算,情報・通信業
3641,パピレス,情報・通信業
3644,1st HD,情報・通信業
3645,メディカルネット,情報・通信業
3646,駅探,情報・通信業
3647,アスリナ,情報・通信業
3648,AGS,情報・通信業
3649,ファインデックス,情報・通信業
3652,ディジタルメディアプロフェッショナル,情報・通信業
3653,モルフォ,情報・通信業
3654,ヒト・コミュニケーションズ,情報・通信業
3655,ブレインパッド,情報・通信業
3656,KLab,情報・通信業
3657,ポールトゥウィン HD,情報・通信業
3658,イーブックイニシアティブジャパン,情報・通信業
3659,ネクソン,情報・通信業
3660,アイスタイル,情報・通信業
3661,エムアップ HD,サービス業
3662,エイチーム HD,情報・通信業
3663,セルシス,情報・通信業
3664,モブキャスト HD,情報・通信業
3665,エニグモ,情報・通信業
3666,テクノスジャパン,情報・通信業
3667,enish,情報・通信業
3668,コロプラ,情報・通信業
3669,モバイルクリエイト,情報・通信業
3670,協立情報通信,サービス業
3671,ソフトマックス,情報・通信業
3672,オルトプラス,情報・通信業
3673,ブロードリーフ,情報・通信業
3674,オークファン,情報・通信業
3675,クロス・マーケティンググループ,情報・通信業
3676,デジタルハーツ HD,サービス業
3677,システム情報,情報・通信業
3678,メディアドゥ,情報・通信業
3679,じげん,情報・通信業
3680,ホットリンク,サービス業
3681,ブイキューブ,情報・通信業
3682,エンカレッジ・テクノロジ,情報・通信業
3683,サイバーリンクス,情報・通信業
3684,ヴォルフガング,情報・通信業
3685,エニマリ,サービス業
3686,ディー・エル・イー,情報・通信業
3687,フィックスターズ,情報・通信業
3688,CARTA HOLDINGS,情報・通信業
3689,イグニス,情報・通信業
3690,イルグルム,サービス業
3691,デジタルプラス,情報・通信業
3692,FFRIセキュリティ,情報・通信業
3694,オプティム,情報・通信業
3695,GMOプロダクトプラットフォーム,情報・通信業
3696,セレス,情報・通信業
3697,SHIFT,情報・通信業
3698,CRI・ミドルウェア,情報・通信業
3708,特種東海製紙,パルプ・紙
3710,ジョルダン,情報・通信業
3711,創通,情報・通信業
3712,情報企画,情報・通信業
3713,ネットマークス,情報・通信業
3715,ドワンゴ,情報・通信業
3716,NEO ONE HD,その他製品
3719,AIストーム,情報・通信業
3722,日本ベリサイン,サービス業
3723,日本ファルコム,情報・通信業
3724,ベリサーブ,情報・通信業
3726,フォーシーズHD,小売業
3727,アプリックス,情報・通信業
3730,マクロミル,情報・通信業
3731,京王ズ HD,情報・通信業
3733,ソフトウェア・サービス,情報・通信業
3734,インテアHD,情報・通信業
3735,日立システムアンドサービス,サービス業
3736,エスアンドピー,サービス業
3738,ティーガイア,情報・通信業
3739,コムシード,情報・通信業
3741,セック,情報・通信業
3742,ITbook,情報・通信業
3744,サイオス,情報・通信業
3745,サミーネットワークス,サービス業
3747,インタートレード,情報・通信業
3749,SBIベリトランス,サービス業
3750,ADR120S,情報・通信業
3751,日本アジアグループ,情報・通信業
3752,ワイズマン,情報・通信業
3753,フライトソリューションズ,情報・通信業
3754,エキサイト,情報・通信業
3755,ゴンゾ,サービス業
3756,豆蔵 HD,情報・通信業
3758,アエリア,情報・通信業
3760,ケイブ,情報・通信業
3762,テクマトリックス,情報・通信業
3763,プロシップ,情報・通信業
3765,ガンホー・オンライン・エンターテイメント,情報・通信業
3766,システムズ・デザイン,情報・通信業
3767,ネクステック,サービス業
3768,リスクモンスター,情報・通信業
3769,GMOペイメントゲートウェイ,情報・通信業
3770,ザッパラス,情報・通信業
3771,システムリサーチ,情報・通信業
3772,ウェルス・マネジメント,不動産業
3773,アドバンスト・メディア,情報・通信業
3774,インターネットイニシアティブ,情報・通信業
3775,ガイアックス,情報・通信業
3776,ブロードバンドタワー,情報・通信業
3777,環境フレンドリー HD,情報・通信業
3778,さくらインターネット,情報・通信業
3779,ジェイ・エスコム HD,情報・通信業
3781,DPG HD,サービス業
3782,ディー・ディー・エス,情報・通信業
3783,ナノ・メディア,サービス業
3784,ヴィンクス,情報・通信業
3785,エイティング,情報・通信業
3786,テレビ東京ブロードバンド,サービス業
3787,テクノマセマティカル,情報・通信業
3788,GMOグローバルサインHD,情報・通信業
3789,ソニーネットワークコミュニケーションズ,情報・通信業
3790,日本オフィス・システム,情報・通信業
3791,IGポート,情報・通信業
3793,ドリコム,情報・通信業
3794,エヌ・デーソフトウェア,情報・通信業
3796,いい生活,情報・通信業
3798,ULSグループ,情報・通信業
3799,キーウェアソリューションズ,情報・通信業
3800,ユニリタ,情報・通信業
3802,エコミック,情報・通信業
3803,イメージ情報開発,情報・通信業
3804,システムディ,情報・通信業
3807,フィスコ,情報・通信業
3808,オーケーウェブ,情報・通信業
3810,サイバーステップ,情報・通信業
3811,ビットアイル・エクイニクス,情報・通信業
3812,ゲームオン,サービス業
3813,ゴメス・コンサルティング,サービス業
3814,アルファクス・フード・システム,情報・通信業
3815,メディア工房,情報・通信業
3816,大和コンピューター,情報・通信業
3817,SRA HD,情報・通信業
3818,バンクテック・ジャパン,サービス業
3820,JBIS HD,サービス業
3821,フラクタリスト,サービス業
3822,Minoriソリューションズ,情報・通信業
3823,THE WHY HOW DO COMPANY,情報・通信業
3824,メディアファイブ,情報・通信業
3825,リミックスポイント,情報・通信業
3826,システムインテグレータ,情報・通信業
3827,ハイトンインターナショナル HD(英国)リミテッド,情報・通信業
3828,富士通クラウドテクノロジーズ,情報・通信業
3829,セルシス,情報・通信業
3830,ギガプライズ,情報・通信業
3831,パイプドビッツ,情報・通信業
3832,T&Cメディカルサイエンス,情報・通信業
3834,朝日ネット,情報・通信業
3835,eBASE,情報・通信業
3836,アバントグループ,情報・通信業
3837,アドソル日進,情報・通信業
3838,AQインタラクティブ,サービス業
3839,ODKソリューションズ,情報・通信業
3840,パス,情報・通信業
3841,ジーダット,情報・通信業
3842,ネクストジェン,情報・通信業
3843,フリービット,情報・通信業
3844,コムチュア,情報・通信業
3845,アイフリークモバイル,情報・通信業
3846,エイチアイ,サービス業
3847,パシフィックシステム,情報・通信業
3848,データ・アプリケーション,情報・通信業
3849,日本テクノ・ラボ,情報・通信業
3850,エヌ・ティ・ティ・データ・イントラマート,情報・通信業
3851,日本一ソフトウェア,情報・通信業
3852,サイバーコム,情報・通信業
3853,アステリア,情報・通信業
3854,アイル,情報・通信業
3856,Abalance,情報・通信業
3857,ラック,情報・通信業
3858,ユビキタスAI,情報・通信業
3859,シナジーマーケティング,情報・通信業
3861,王子 HD,パルプ・紙
3863,日本製紙,パルプ・紙
3864,三菱製紙,パルプ・紙
3865,北越コーポレーション,パルプ・紙
3877,中越パルプ工業,パルプ・紙
3878,巴川コーポレーション,パルプ・紙
3880,大王製紙,パルプ・紙
3891,ニッポン高度紙工業,パルプ・紙
3892,岡山製紙,パルプ・紙
3893,日本製紙G,パルプ・紙
3895,ハビックス,パルプ・紙
3896,阿波製紙,パルプ・紙
3900,クラウドワークス,情報・通信業
3901,マークラインズ,情報・通信業
3902,メディカル・データ・ビジョン,情報・通信業
3903,gumi,情報・通信業
3904,カヤック,情報・通信業
3905,データセクション,情報・通信業
3906,ALBERT,情報・通信業
3907,シリコンスタジオ,情報・通信業
3908,コラボス,情報・通信業
3909,ショーケース,サービス業
3910,エムケイシステム,情報・通信業
3911,Aiming,情報・通信業
3912,モバイルファクトリー,情報・通信業
3913,GreenBee,情報・通信業
3914,JIG-SAW,情報・通信業
3915,テラスカイ,情報・通信業
3916,デジタル・インフォメーション・テクノロジー,情報・通信業
3917,アイリッジ,情報・通信業
3918,PCI HD,情報・通信業
3919,パイプドHD,情報・通信業
3920,アイビーシー,情報・通信業
3921,ネオジャパン,情報・通信業
3922,PR TIMES,情報・通信業
3923,ラクス,情報・通信業
3924,ランドコンピュータ,情報・通信業
3925,ダブルスタンダード,情報・通信業
3926,オープンドア,情報・通信業
3927,フーバーブレイン,情報・通信業
3928,マイネット,情報・通信業
3929,ソーシャルワイヤー,情報・通信業
3930,はてな,情報・通信業
3931,バリューゴルフ,情報・通信業
3932,アカツキ,情報・通信業
3933,チエル,情報・通信業
3934,ベネフィットジャパン,情報・通信業
3935,エディア,情報・通信業
3936,グローバルウェイ,情報・通信業
3937,Ubicom HD,情報・通信業
3938,A HD,情報・通信業
3939,カナミックネットワーク,情報・通信業
3940,ノムラシステムコーポレーション,情報・通信業
3941,レンゴー,パルプ・紙
3943,大石産業,パルプ・紙
3944,古林紙工,パルプ・紙
3945,スーパーバッグ,パルプ・紙
3946,トーモク,パルプ・紙
3947,ダイナパック,パルプ・紙
3948,光ビジネスフォーム,パルプ・紙
3950,ザ・パック,パルプ・紙
3951,朝日印刷,パルプ・紙
3952,中央紙器工業,パルプ・紙
3953,大村紙業,パルプ・紙
3954,昭和パックス,パルプ・紙
3955,イムラ,パルプ・紙
3956,国際チャート,パルプ・紙
3958,笹徳印刷,その他製品
3960,バリューデザイン,情報・通信業
3961,シルバーエッグ・テクノロジー,情報・通信業
3962,チェンジ HD,情報・通信業
3963,シンクロ・フード,情報・通信業
3964,オークネット,情報・通信業
3965,キャピタル・アセット・プランニング,情報・通信業
3966,ユーザベース,情報・通信業
3967,エルテス,情報・通信業
3968,セグエグループ,情報・通信業
3969,エイトレッド,情報・通信業
3970,イノベーション,情報・通信業
3971,東セロ,パルプ・紙
3974,SCAT,情報・通信業
3975,AOI TYO HD,情報・通信業
3976,シャノン,情報・通信業
3977,フュージョン,サービス業
3978,マクロミル,情報・通信業
3979,うるる,情報・通信業
3981,ビーグリー,情報・通信業
3982,エスキュービズム,情報・通信業
3983,オロ,情報・通信業
3984,ユーザーローカル,情報・通信業
3985,テモナ,情報・通信業
3986,ビーブレイクシステムズ,情報・通信業
3987,エコモット,サービス業
3988,SYS HD,情報・通信業
3989,シェアリングテクノロジー,情報・通信業
3990,UUUM,情報・通信業
3991,ウォンテッドリー,情報・通信業
3992,ニーズウェル,情報・通信業
3993,PKSHA Technology,情報・通信業
3994,マネーフォワード,情報・通信業
3995,SKIYAKI,情報・通信業
3996,サインポスト,情報・通信業
3997,トレードワークス,情報・通信業
3998,すららネット,情報・通信業
3999,ブルーテック,情報・通信業
4003,コープケミカル,化学
4004,レゾナックHD,化学
4005,住友化学,化学
4006,チッソ,化学
4007,日本化成,化学
4008,住友精化,化学
4011,ヘッドウォータース,情報・通信業
4012,アクシス,情報・通信業
4013,勤次郎,情報・通信業
4014,カラダノート,サービス業
4015,ペイクラウド HD,情報・通信業
4016,MIT HD,情報・通信業
4017,クリーマ,情報・通信業
4018,Geolocation Technology,情報・通信業
4019,スタメン,情報・通信業
4020,ビートレンド,サービス業
4021,日産化学,化学
4022,ラサ工業,化学
4023,クレハ,化学
4025,多木化学,化学
4026,神島化学工業,ガラス・土石製品
4027,テイカ,化学
4028,石原産業,化学
4031,片倉コープアグリ,化学
4033,日東エフシー,化学
4040,南海化学,化学
4041,日本曹達,化学
4042,東ソー,化学
4043,トクヤマ,化学
4044,セントラル硝子,化学
4045,東亞合成,化学
4046,大阪ソーダ,化学
4047,関東電化工業,化学
4051,GMOフィナンシャルゲート,情報・通信業
4052,フィーチャ,情報・通信業
4053,Sun Asterisk,情報・通信業
4054,日本情報クリエイト,情報・通信業
4055,ティアンドエスグループ,情報・通信業
4056,ニューラルグループ,情報・通信業
4057,インターファクトリー,情報・通信業
4058,トヨクモ,情報・通信業
4059,まぐまぐ,情報・通信業
4060,rakumo,情報・通信業
4061,デンカ,化学
4062,イビデン,電気機器
4063,信越化学工業,化学
4064,日本カーバイド工業,化学
4068,ベイシス,情報・通信業
4069,BlueMeme,情報・通信業
4070,リヴァンプ,サービス業
4071,プラスアルファ・コンサルティング,サービス業
4072,電算システム HD,情報・通信業
4073,ジィ・シィ企画,情報・通信業
4074,ラキール,情報・通信業
4075,ブレインズテクノロジー,情報・通信業
4076,シイエヌエス,情報・通信業
4078,堺化学工業,化学
4080,田中化学研究所,化学
4082,第一稀元素化学工業,化学
4088,エア・ウォーター,化学
4091,日本酸素 HD,化学
4092,日本化学工業,化学
4093,東邦アセチレン,化学
4094,日本化学産業,化学
4095,日本パーカライジング,化学
4096,昭和電工ガスプロダクツ,化学
4097,高圧ガス工業,化学
4098,チタン工業,化学
4099,四国化成 HD,化学
4100,戸田工業,化学
4102,丸尾カルシウム,化学
4105,メルテックス,化学
4106,エヌ・イーケムキャット,化学
4107,伊勢化学工業,化学
4109,ステラケミファ,化学
4112,保土谷化学工業,化学
4113,田岡化学工業,化学
4114,日本触媒,化学
4115,本州化学工業,化学
4116,大日精化工業,化学
4117,川崎化成工業,化学
4118,カネカ,化学
4119,日本ピグメント HD,化学
4120,スガイ化学工業,化学
4124,大阪油化工業,化学
4125,三和油化工業,化学
4151,協和キリン,医薬品
4165,プレイド,情報・通信業
4166,かっこ,情報・通信業
4167,ココペリ,情報・通信業
4168,ヤプリ,情報・通信業
4169,ENECHANGE,サービス業
4170,Kaizen Platform,情報・通信業
4171,グローバルインフォメーション,情報・通信業
4172,Hiクラテス,情報・通信業
4173,WACUL,情報・通信業
4174,アピリッツ,情報・通信業
4175,coly,情報・通信業
4176,ココナラ,サービス業
4177,i-plug,情報・通信業
4178,Sharing Innovations,情報・通信業
4179,ジーネクスト,情報・通信業
4180,Appier Group,情報・通信業
4182,三菱瓦斯化学,化学
4183,三井化学,化学
4185,JSR,化学
4186,東京応化工業,化学
4187,大阪有機化学工業,化学
4188,三菱ケミカルグループ,化学
4189,KHネオケム,化学
4192,スパイダープラス,情報・通信業
4193,ファブリカ HD,情報・通信業
4194,ビジョナル,情報・通信業
4195,ディマージシェア,情報・通信業
4196,ネオマーケティング,情報・通信業
4197,アスマーク,情報・通信業
4198,テンダ,情報・通信業
4199,ワンダープラネット,情報・通信業
4200,日比谷コンピュータシステム,情報・通信業
4201,日本合成化学工業,化学
4202,ダイセル,化学
4203,住友ベークライト,化学
4204,積水化学工業,化学
4205,日本ゼオン,化学
4206,アイカ工業,化学
4208,UBE,化学
4212,積水樹脂,化学
4215,タキロンシーアイ,化学
4216,旭有機材,化学
4217,レゾナック,化学
4218,ニチバン,化学
4219,プラス・テク,化学
4220,リケンテクノス,化学
4221,大倉工業,化学
4222,児玉化学工業,化学
4223,太平化学製品,化学
4224,ロンシール工業,化学
4228,積水化成品工業,化学
4229,群栄化学工業,化学
4231,タイガースポリマー,化学
4233,プリヴェ企業再生グループ,輸送用機器
4234,サンエー化研,化学
4235,ウルトラファブリックスHD,化学
4237,フジプレアム,化学
4238,ミライアル,化学
4239,ポラテクノ,化学
4240,クラスターテクノロジー,化学
4241,アテクト,化学
4242,タカギセイコー,化学
4243,ニックス,化学
4244,東山フイルム,その他製品
4245,ダイキアクシス,その他製品
4246,ダイキョーニシカワ,化学
4247,ポバール興業,化学
4248,竹本容器,化学
4249,森六,化学
4250,フロンティア,サービス業
4251,恵和,化学
4255,THECOO,情報・通信業
4256,サインド,サービス業
4258,網屋,情報・通信業
4259,エクサウィザーズ,情報・通信業
4260,ハイブリッドテクノロジーズ,情報・通信業
4261,アジアクエスト,情報・通信業
4262,ニフティライフスタイル,情報・通信業
4263,サスメド,情報・通信業
4264,セキュア,情報・通信業
4265,Institution for a Global Society,情報・通信業
4266,ビッグツリーテクノロジー&コンサルティング,情報・通信業
4267,ライトワークス,情報・通信業
4268,エッジテクノロジー,情報・通信業
4269,ノーザ,情報・通信業
4270,BeeX,情報・通信業
4271,日本カーリット,化学
4272,日本化薬,化学
4274,細谷火工,化学
4275,カーリット,化学
4281,デジタル・アドバタイジング・コンソーシアム,情報・通信業
4282,EPS HD,サービス業
4283,パナソニックインフォメーションシステムズ,情報・通信業
4284,ソルクシーズ,情報・通信業
4286,CL HD,サービス業
4287,ジャストプランニング,情報・通信業
4288,アズジェント,情報・通信業
4290,プレステージ・インターナショナル,サービス業
4291,JIEC,情報・通信業
4293,セプテーニHD,サービス業
4295,フェイス,情報・通信業
4296,ゼンテック・テクノロジー・ジャパン,サービス業
4298,プロトコーポレーション,情報・通信業
4299,ハイマックス,情報・通信業
4301,アミューズ,サービス業
4302,オープンインタフェース,サービス業
4304,Eストアー,サービス業
4305,アイ・エム・ジェイ,サービス業
4306,バックスグループ,サービス業
4307,野村総合研究所,情報・通信業
4308,Jストリーム,情報・通信業
4309,スパイア,サービス業
4310,ドリームインキュベータ,サービス業
4311,ディースリー,サービス業
4312,サイバネットシステム,情報・通信業
4314,DA HD,サービス業
4315,日清医療食品,サービス業
4316,ビーマップ,情報・通信業
4317,レイ,サービス業
4318,クイック,サービス業
4319,TAC,サービス業
4320,CE HD,情報・通信業
4321,ケネディクス,サービス業
4322,イーシステム,サービス業
4323,日本システム技術,情報・通信業
4324,電通グループ,サービス業
4326,インテージ HD,情報・通信業
4327,日本エス・エイチ・エル,サービス業
4329,ワークスアプリケーションズ,サービス業
4330,セラーテムテクノロジー,サービス業
4331,テイクアンドギヴ・ニーズ,サービス業
4333,東邦システムサイエンス,情報・通信業
4334,ユークス,情報・通信業
4335,IPS HD,情報・通信業
4336,クリエアナブキ,サービス業
4337,ぴあ,サービス業
4340,シンプレクスHD,情報・通信業
4341,西菱電機,サービス業
4342,セコム上信越,サービス業
4343,イオンファンタジー,サービス業
4344,ソースネクスト,情報・通信業
4345,シーティーエス,サービス業
4346,NEXYZ.Group,サービス業
4347,ブロードメディア,サービス業
4348,インフォコム,情報・通信業
4349,テスク,情報・通信業
4350,メディカルシステムネットワーク,小売業
4351,山田再生系債権回収総合事務所,サービス業
4352,日本産業ホールディングズ,サービス業
4355,ロングライフホールディング,サービス業
4356,応用技術,情報・通信業
4357,ラ・パルレ,サービス業
4358,ティー・ワイ・オー,情報・通信業
4360,マナック・ケミカル・パートナーズ,化学
4361,川口化学工業,化学
4362,日本精化,化学
4364,マナック,化学
4365,松本油脂製薬,化学
4366,ダイトーケミックス,化学
4367,広栄化学,化学
4368,扶桑化学工業,化学
4369,トリケミカル研究所,化学
4370,モビルス,情報・通信業
4371,コアコンセプト・テクノロジー,情報・通信業
4372,ユミルリンク,情報・通信業
4373,シンプレクスHD,情報・通信業
4374,ROBOT PAYMENT,情報・通信業
4375,セーフィー,情報・通信業
4376,くふうカンパニー HD,情報・通信業
4377,ワンキャリア,情報・通信業
4378,CINC,情報・通信業
4379,Photosynth,情報・通信業
4380,Mマート,情報・通信業
4381,ビープラッツ,情報・通信業
4382,HEROZ,情報・通信業
4384,ラクスル,情報・通信業
4385,メルカリ,情報・通信業
4386,SIGグループ,情報・通信業
4387,ZUU,サービス業
4388,エーアイ,情報・通信業
4389,プロパティデータバンク,情報・通信業
4390,アイ・ピー・エス,情報・通信業
4391,ロジザード,情報・通信業
4392,FIG,情報・通信業
4393,バンク・オブ・イノベーション,情報・通信業
4394,エクスモーション,情報・通信業
4395,アクリート,情報・通信業
4396,システムサポート HD,情報・通信業
4397,チームスピリット,情報・通信業
4398,ブロードバンドセキュリティ,情報・通信業
4399,くふう住まい,情報・通信業
4401,ADEKA,化学
4403,日油,化学
4404,ミヨシ油脂,食料品
4406,新日本理化,化学
4409,東邦化学工業,化学
4410,ハリマ化成グループ,化学
4412,サイエンスアーツ,情報・通信業
4413,ボードルア,情報・通信業
4414,フレクト,情報・通信業
4415,ブロードエンタープライズ,情報・通信業
4416,True Data,情報・通信業
4417,グローバルセキュリティエキスパート,情報・通信業
4418,JDSC,情報・通信業
4419,Finatext HD,サービス業
4420,イーソル,情報・通信業
4421,ディ・アイ・システム,情報・通信業
4422,VALUENEX,情報・通信業
4423,アルテリア・ネットワークス,情報・通信業
4424,Amazia,情報・通信業
4425,Kudan,情報・通信業
4427,EduLab,情報・通信業
4428,シノプス,情報・通信業
4429,リックソフト,情報・通信業
4430,東海ソフト,情報・通信業
4431,スマレジ,情報・通信業
4432,ウイングアーク1st,情報・通信業
4433,ヒト・コミュニケーションズHD,情報・通信業
4434,サーバーワークス,情報・通信業
4435,カオナビ,情報・通信業
4436,ミンカブ・ジ・インフォノイド,情報・通信業
4437,gooddays HD,情報・通信業
4438,Welby,情報・通信業
4439,東名,情報・通信業
4440,ヴィッツ,情報・通信業
4441,トビラシステムズ,情報・通信業
4442,バルテスHD,情報・通信業
4443,Sansan,情報・通信業
4444,インフォネット,情報・通信業
4445,リビン・テクノロジーズ,情報・通信業
4446,Link-Uグループ,情報・通信業
4447,ピー・ビーシステムズ,情報・通信業
4448,kubell,情報・通信業
4449,ギフティ,情報・通信業
4450,パワーソリューションズ,情報・通信業
4452,花王,化学
4461,第一工業製薬,化学
4462,石原ケミカル,化学
4463,日華化学,化学
4464,ソフト99コーポレーション,化学
4465,ニイタカ,化学
4471,三洋化成工業,化学
4475,HENNGE,情報・通信業
4476,AI CROSS,情報・通信業
4477,BASE,情報・通信業
4478,フリー,情報・通信業
4479,マクアケ,情報・通信業
4480,メドレー,情報・通信業
4481,ベース,情報・通信業
4482,ウィルズ,情報・通信業
4483,JMDC,情報・通信業
4484,ランサーズ,情報・通信業
4485,JTOWER,情報・通信業
4486,ユナイトアンドグロウ,情報・通信業
4487,スペースマーケット,情報・通信業
4488,AI inside,情報・通信業
4489,ペイロール,サービス業
4490,ビザスク,情報・通信業
4491,コンピューターマネージメント,情報・通信業
4492,ゼネテック,情報・通信業
4493,サイバーセキュリティクラウド,情報・通信業
4494,バリオセキュア,情報・通信業
4495,アイキューブドシステムズ,情報・通信業
4496,コマースOne HD,情報・通信業
4497,ロコガイド,情報・通信業
4498,サイバートラスト,情報・通信業
4499,Speee,情報・通信業
4502,武田薬品工業,医薬品
4503,アステラス製薬,医薬品
4506,住友ファーマ,医薬品
4507,塩野義製薬,医薬品
4508,田辺三菱製薬,医薬品
4512,わかもと製薬,医薬品
4514,あすか製薬,医薬品
4516,日本新薬,医薬品
4517,ビオフェルミン製薬,医薬品
4519,中外製薬,医薬品
4521,科研製薬,医薬品
4523,エーザイ,医薬品
4524,森下仁丹,医薬品
4526,理研ビタミン,食料品
4527,ロート製薬,医薬品
4528,小野薬品工業,医薬品
4530,久光製薬,医薬品
4531,有機合成薬品工業,医薬品
4534,持田製薬,医薬品
4535,大正製薬,医薬品
4536,参天製薬,医薬品
4537,エスエス製薬,医薬品
4538,扶桑薬品工業,医薬品
4539,日本ケミファ,医薬品
4540,ツムラ,医薬品
4541,日医工,医薬品
4542,三笠製薬,医薬品
4543,テルモ,精密機器
4544,H.U.グループ HD,サービス業
4547,キッセイ薬品工業,医薬品
4548,生化学工業,医薬品
4549,栄研化学,医薬品
4550,日水製薬,医薬品
4551,鳥居薬品,医薬品
4552,JCRファーマ,医薬品
4553,東和薬品,医薬品
4554,富士製薬工業,医薬品
4555,沢井製薬,医薬品
4556,カイノス,医薬品
4557,医学生物学研究所,医薬品
4558,中京医薬品,医薬品
4559,ゼリア新薬工業,医薬品
4563,アンジェス,医薬品
4564,オンコセラピー・サイエンス,医薬品
4565,ネクセラファーマ,医薬品
4566,LTTバイオファーマ,医薬品
4567,ECI,医薬品
4568,第一三共,医薬品
4569,杏林製薬,医薬品
4570,免疫生物研究所,医薬品
4571,NANO HD,医薬品
4572,カルナバイオサイエンス,医薬品
4573,アールテック・ウエノ,医薬品
4574,大幸薬品,医薬品
4575,キャンバス,医薬品
4576,デ・ウエスタン・セラピテクス研究所,医薬品
4577,ダイト,医薬品
4578,大塚 HD,医薬品
4579,ラクオリア創薬,医薬品
4581,大正製薬 HD,医薬品
4582,シンバイオ製薬,医薬品
4583,カイオム・バイオサイエンス,医薬品
4584,キッズウェル・バイオ,医薬品
4585,UMNファーマ,医薬品
4586,メドレックス,医薬品
4587,ペプチドリーム,医薬品
4588,オンコリスバイオファーマ,医薬品
4589,アキュセラ・インク(Acucela Inc.),外国法人・組合
4591,リボミック,医薬品
4592,サンバイオ,医薬品
4593,ヘリオス,医薬品
4594,ブライトパス・バイオ,医薬品
4595,ミズホメディー,医薬品
4596,窪田製薬 HD,医薬品
4597,ソレイジア・ファーマ,医薬品
4598,DeltaーFly Pharma,医薬品
4599,ステムリム,医薬品
4611,大日本塗料,化学
4612,日本ペイント HD,化学
4613,関西ペイント,化学
4614,トウペ,化学
4615,神東塗料,化学
4616,川上塗料,化学
4617,中国塗料,化学
4619,日本特殊塗料,化学
4620,藤倉化成,化学
4621,ロックペイント,化学
4623,アサヒペン,化学
4624,イサム塗料,化学
4625,アトミクス,化学
4626,太陽 HD,化学
4627,ナトコ,化学
4628,エスケー化研,化学
4629,大伸化学,化学
4631,DIC,化学
4633,サカタインクス,化学
4634,artience,化学
4635,東京インキ,化学
4636,T&K TOKA,化学
4640,アンドール,情報・通信業
4641,アルプス技研,サービス業
4642,オリジナル設計,サービス業
4644,イマジニア,情報・通信業
4645,市進 HD,サービス業
4649,大成,サービス業
4650,SDエンターテイメント,サービス業
4651,サニックス HD,サービス業
4653,ダイオーズ,サービス業
4654,ニチゾウテック,サービス業
4656,サン・ライフ,サービス業
4657,環境管理センター,サービス業
4658,日本空調サービス,サービス業
4659,エイジス,サービス業
4661,オリエンタルランド,サービス業
4662,フォーカスシステムズ,情報・通信業
4664,アール・エス・シー,サービス業
4665,ダスキン,サービス業
4666,パーク二四(パーク24),不動産業
4667,アイサンテクノロジー,情報・通信業
4668,明光ネットワークジャパン,サービス業
4669,ニッパンレンタル,サービス業
4671,ファルコ HD,サービス業
4673,川崎地質,サービス業
4674,クレスコ,情報・通信業
4675,エヌエス環境,サービス業
4676,フジ・メディアHD,情報・通信業
4678,秀英予備校,サービス業
4679,田谷,サービス業
4680,ラウンドワン,サービス業
4681,リゾートトラスト,サービス業
4684,オービック,情報・通信業
4685,菱友システムズ,情報・通信業
4686,ジャストシステム,情報・通信業
4687,TDCソフト,情報・通信業
4689,LINEヤフー,情報・通信業
4690,日本パレットプール,サービス業
4691,ワシントンホテル,サービス業
4694,ビー・エム・エル,サービス業
4695,マイスターエンジニアリング,サービス業
4696,ワタベウェディング,サービス業
4699,ウチダエスコ,サービス業
4704,トレンドマイクロ,情報・通信業
4705,クリップコーポレーション,サービス業
4707,キタック,サービス業
4708,りらいあコミュニケーションズ,サービス業
4709,ID HD,情報・通信業
4711,東急コミュニティー,サービス業
4712,KeyHolder,サービス業
4713,日信電子サービス,サービス業
4714,リソー教育グループ,サービス業
4716,日本オラクル,情報・通信業
4718,早稲田アカデミー,サービス業
4719,アルファシステムズ,情報・通信業
4720,城南進学研究社,サービス業
4722,フューチャー,情報・通信業
4723,プロンプト HD,サービス業
4724,ウェアハウス,サービス業
4725,CAC HD,情報・通信業
4726,SBテクノロジー,情報・通信業
4727,ASPAC,サービス業
4728,トーセ,情報・通信業
4732,ユー・エス・エス,サービス業
4733,オービックビジネスコンサルタント,情報・通信業
4734,ビーイング,情報・通信業
4735,京進,サービス業
4736,日本ラッド,情報・通信業
4738,日立ソリューションズ・クリエイト,サービス業
4739,伊藤忠テクノソリューションズ,情報・通信業
4743,アイティフォー,情報・通信業
4744,きずな,不動産業
4745,東京個別指導学院,サービス業
4746,東計電算,情報・通信業
4747,e-まちタウン,サービス業
4748,構造計画研究所,情報・通信業
4749,GNU,サービス業
4750,ダイサン,サービス業
4751,サイバーエージェント,サービス業
4752,昭和システムエンジニアリング,情報・通信業
4754,トスネット,サービス業
4755,楽天グループ,サービス業
4760,アルファ,サービス業
4761,さくらケーシーエス,情報・通信業
4762,エックスネット,情報・通信業
4763,クリーク・アンド・リバー社,サービス業
4764,Nexus Bank,情報・通信業
4765,SBIグローバルアセットマネジメント,サービス業
4766,ピーエイ,サービス業
4767,テー・オー・ダブリュー,サービス業
4768,大塚商会,情報・通信業
4769,IC,情報・通信業
4770,図研エルミック,情報・通信業
4771,エフアンドエム,サービス業
4772,SM ENTERTAINMENT JAPAN,情報・通信業
4775,総合メディカル,小売業
4776,サイボウズ,情報・通信業
4777,ガーラ,情報・通信業
4779,ソフトブレーン,情報・通信業
4781,日本ハウズイング,不動産業
4783,NCD,情報・通信業
4784,GMOインターネット,サービス業
4788,サイバー・コミュニケーションズ,サービス業
4789,ネオアクシス,サービス業
4792,山田コンサルティンググループ,サービス業
4793,富士通ビー・エス・シー,情報・通信業
4794,デザインエクスチェンジ,サービス業
4798,エル・シー・エー HD,サービス業
4799,アグレックス,情報・通信業
4800,オリコン,情報・通信業
4801,セントラルスポーツ,サービス業
4809,パラカ,不動産業
4811,ドリーム・アーツ,情報・通信業
4812,電通総研,情報・通信業
4813,ACCESS,情報・通信業
4814,ネクストウェア,情報・通信業
4816,東映アニメーション,情報・通信業
4817,ジュピターテレコム,情報・通信業
4819,デジタルガレージ,情報・通信業
4820,イーエムシステムズ(商号EMシステムズ),情報・通信業
4822,ハドソン,サービス業
4824,メディアシーク,情報・通信業
4825,ウェザーニューズ,情報・通信業
4826,CIJ,情報・通信業
4827,ビジネス・ワン HD,不動産業
4828,ビジネスエンジニアリング,情報・通信業
4829,日本エンタープライズ,情報・通信業
4831,オープンループ,サービス業
4832,JFEシステムズ,情報・通信業
4833,Def consulting,サービス業
4834,キャリアバンク,サービス業
4835,インデックス,情報・通信業
4837,シダックス,サービス業
4838,スペースシャワーSKIYAKI HD,情報・通信業
4839,WOWOW,情報・通信業
4840,トライアイズ,サービス業
4841,ダブルクリック,サービス業
4842,USEN,情報・通信業
4845,スカラ,情報・通信業
4847,インテリジェントウェイブ,情報・通信業
4848,フルキャスト HD,サービス業
4849,エン,サービス業
4850,ザ・ダウ・ケミカル・カンパニー,化学
4875,メディシノバ・インク,医薬品
4880,セルソース,サービス業
4881,ファンペップ,医薬品
4882,ペルセウスプロテオミクス,医薬品
4883,モダリス,医薬品
4884,クリングルファーマ,医薬品
4885,室町ケミカル,医薬品
4886,あすか製薬 HD,医薬品
4887,サワイグループ HD,医薬品
4888,ステラファーマ,医薬品
4889,レナサイエンス,医薬品
4890,坪田ラボ,サービス業
4891,㈱ティムス,医薬品
4892,サイフューズ,医薬品
4893,ノイルイミューン・バイオテック,医薬品
4894,クオリプス,医薬品
4896,ケイファーマ,医薬品
4901,富士フイルム HD,化学
4902,コニカミノルタ,電気機器
4911,資生堂,化学
4912,ライオン,化学
4914,高砂香料工業,化学
4915,エイボン・プロダクツ,化学
4917,マンダム,化学
4918,アイビー化粧品,化学
4919,ミルボン,化学
4920,日本色材工業研究所,化学
4921,ファンケル,化学
4922,コーセー HD,化学
4923,コタ,化学
4924,シーズHD,化学
4925,ハーバー研究所,化学
4926,シーボン,化学
4927,ポーラ・オルビス HD,化学
4928,ノエビア HD,化学
4929,アジュバン HD,化学
4930,グラフィコ,その他製品
4931,新日本製薬,化学
4932,アルマード,化学
4933,I-ne,化学
4934,プレミアアンチエイジング,化学
4935,リベルタ,化学
4936,アクシージア,化学
4937,Waqoo,化学
4951,エステー,化学
4952,エス・ディー・エスバイオテック,化学
4954,マークテック,化学
4955,アグロカネショウ,化学
4956,コニシ,化学
4957,ヤスハラケミカル,化学
4958,長谷川香料,化学
4960,ケミプロ化成,化学
4961,日油技研工業,化学
4962,互応化学工業,化学
4963,星光PMC,化学
4965,曽田香料,化学
4966,上村工業,化学
4967,小林製薬,化学
4968,荒川化学工業,化学
4970,東洋合成工業,化学
4971,メック,化学
4972,綜研化学,化学
4973,日本高純度化学,化学
4974,タカラバイオ,化学
4975,JCU,化学
4976,東洋ドライルーブ,化学
4977,新田ゼラチン,化学
4978,リプロセル,化学
4979,OATアグリオ,化学
4980,デクセリアルズ,化学
4985,アース製薬,化学
4987,寺岡製作所,化学
4989,イハラケミカル工業,化学
4990,昭和化学工業,化学
4992,北興化学工業,化学
4994,大成ラミックグループ,化学
4995,サンケイ化学,化学
4996,クミアイ化学工業,化学
4997,日本農薬,化学
4998,フマキラー,化学
4999,セメダイン,化学
5001,ENEOS,石油・石炭製品
5002,RSエナジー,石油・石炭製品
5007,コスモ石油,石油・石炭製品
5008,東亜石油,石油・石炭製品
5009,富士興産,卸売業
5010,日本精蝋,石油・石炭製品
5011,ニチレキグループ,石油・石炭製品
5012,東燃ゼネラル石油,石油・石炭製品
5013,ユシロ,石油・石炭製品
5015,ビーピー・カストロール,石油・石炭製品
5016,JX金属,非鉄金属
5017,富士石油,石油・石炭製品
5018,MORESCO,石油・石炭製品
5019,出光興産,石油・石炭製品
5020,ENEOS HD,石油・石炭製品
5021,コスモエネルギー HD,石油・石炭製品
5025,マーキュリー,情報・通信業
5026,トリプルアイズ,情報・通信業
5027,AnyMind Group,情報・通信業
5028,セカンドサイトアナリティカ,情報・通信業
5029,サークレイス,情報・通信業
5030,インフォメティス,情報・通信業
5031,モイ,情報・通信業
5032,ANYCOLOR,サービス業
5033,ヌーラボ,サービス業
5034,unerry,情報・通信業
5035,HOUSEI,情報・通信業
5036,日本ビジネスシステムズ,情報・通信業
5038,eWeLL,情報・通信業
5039,キットアライブ,情報・通信業
5070,ドラフト,建設業
5071,ヴィス,サービス業
5074,テス HD,建設業
5075,アップコン,建設業
5076,インフロニアHD,サービス業
5078,セレコーポレーション,不動産業
5079,ノバック,建設業
5101,横浜ゴム,ゴム製品
5103,昭和 HD,ゴム製品
5104,日東化工,ゴム製品
5105,TOYO TIRE,ゴム製品
5108,ブリヂストン,ゴム製品
5110,住友ゴム工業,ゴム製品
5121,藤倉コンポジット,ゴム製品
5122,オカモト,ゴム製品
5125,ファインズ,情報・通信業
5126,ポーターズ,情報・通信業
5127,グッピーズ,情報・通信業
5128,WOW WORLD GROUP,情報・通信業
5129,FIXER,情報・通信業
5131,リンカーズ,情報・通信業
5132,pluszero,情報・通信業
5133,テリロジー HD,卸売業
5134,POPER,情報・通信業
5136,tripla,情報・通信業
5137,スマートドライブ,情報・通信業
5138,Rebase,情報・通信業
5139,オープンワーク,情報・通信業
5142,アキレス,化学
5161,西川ゴム工業,ゴム製品
5162,朝日ラバー,ゴム製品
5184,ニチリン,ゴム製品
5185,フコク,ゴム製品
5186,ニッタ,ゴム製品
5187,クリエートメディック,精密機器
5188,帝都ゴム,輸送用機器
5189,櫻護謨,ゴム製品
5191,住友理工,ゴム製品
5192,三ツ星ベルト,ゴム製品
5194,相模ゴム工業,ゴム製品
5195,バンドー化学,ゴム製品
5196,鬼怒川ゴム工業,輸送用機器
5199,不二ラテックス,ゴム製品
5201,AGC,ガラス・土石製品
5202,日本板硝子,ガラス・土石製品
5204,石塚硝子,ガラス・土石製品
5208,有沢製作所,化学
5210,日本山村硝子,ガラス・土石製品
5212,不二硝子,ガラス・土石製品
5214,日本電気硝子,ガラス・土石製品
5216,倉元製作所,ガラス・土石製品
5217,テクノクオーツ,ガラス・土石製品
5218,オハラ,ガラス・土石製品
5232,住友大阪セメント,ガラス・土石製品
5233,太平洋セメント,ガラス・土石製品
5234,デイ・シイ,ガラス・土石製品
5237,ノザワ,ガラス・土石製品
5240,monoAI technology,情報・通信業
5241,日本オーエー研究所,情報・通信業
5242,アイズ,サービス業
5243,note,サービス業
5244,jig.jp,情報・通信業
5246,ELEMENTS,情報・通信業
5247,BTM,情報・通信業
5248,テクノロジーズ,情報・通信業
5250,GMOプライム・ストラテジー,情報・通信業
5252,日本ナレッジ,情報・通信業
5253,カバー,情報・通信業
5254,Arent,情報・通信業
5255,モンスターラボ,情報・通信業
5256,Fusic,情報・通信業
5257,ノバシステム,情報・通信業
5258,トランザクション・メディア・ネットワークス,情報・通信業
5259,BBDイニシアティブ,情報・通信業
5261,リソル HD,サービス業
5262,日本ヒューム,ガラス・土石製品
5267,ハネックス,ガラス・土石製品
5268,旭コンクリート工業,ガラス・土石製品
5269,日本コンクリート工業,ガラス・土石製品
5271,トーヨーアサノ,ガラス・土石製品
5273,三谷セキサン,ガラス・土石製品
5274,日本ゼニスパイプ,ガラス・土石製品
5276,石川島建材工業,ガラス・土石製品
5277,スパンクリートコーポレーション,ガラス・土石製品
5279,日本興業,ガラス・土石製品
5280,ヨシコン,不動産業
5282,ジオスター,ガラス・土石製品
5283,高見澤,卸売業
5284,ヤマウ HD,ガラス・土石製品
5285,ヤマックス,ガラス・土石製品
5286,武井工業所,ガラス・土石製品
5287,イトーヨーギョー,ガラス・土石製品
5288,アジアパイル HD,ガラス・土石製品
5289,ゼニス羽田 HD,ガラス・土石製品
5290,ベルテクスコーポレーション,ガラス・土石製品
5301,東海カーボン,ガラス・土石製品
5302,日本カーボン,ガラス・土石製品
5304,SECカーボン,ガラス・土石製品
5310,東洋炭素,ガラス・土石製品
5331,ノリタケ,ガラス・土石製品
5332,TOTO,ガラス・土石製品
5333,日本碍子,ガラス・土石製品
5334,日本特殊陶業,ガラス・土石製品
5335,深川製磁,ガラス・土石製品
5337,ダントー HD,ガラス・土石製品
5341,ASAHI EITO HD,ガラス・土石製品
5342,ジャニス工業,ガラス・土石製品
5343,ニッコー,ガラス・土石製品
5344,MARUWA,ガラス・土石製品
5345,日本セラテック,ガラス・土石製品
5351,品川リフラ,ガラス・土石製品
5352,黒崎播磨,ガラス・土石製品
5355,日本坩堝,ガラス・土石製品
5356,美濃窯業,ガラス・土石製品
5357,ヨータイ,ガラス・土石製品
5358,イソライト工業,ガラス・土石製品
5363,東京窯業,ガラス・土石製品
5367,ニッカトー,ガラス・土石製品
5368,日本インシュレーション,ガラス・土石製品
5380,新東,ガラス・土石製品
5381,マイポックス,ガラス・土石製品
5383,三共理化学,ガラス・土石製品
5384,フジミインコーポレーテッド,ガラス・土石製品
5386,鶴弥,ガラス・土石製品
5387,チヨダウーテ,ガラス・土石製品
5388,クニミネ工業,ガラス・土石製品
5389,日本レヂボン,ガラス・土石製品
5390,宇部マテリアルズ,ガラス・土石製品
5391,エーアンドエーマテリアル,ガラス・土石製品
5393,ニチアス,ガラス・土石製品
5395,理研コランダム,ガラス・土石製品
5398,日本研紙,ガラス・土石製品
5401,日本製鉄,鉄鋼
5406,神戸製鋼所,鉄鋼
5407,日新製鋼,鉄鋼
5408,中山製鋼所,鉄鋼
5410,合同製鐵,鉄鋼
5411,JFE HD,鉄鋼
5412,ポスコHD・インク,鉄鋼
5413,日鉄日新製鋼,鉄鋼
5423,東京製鐵,鉄鋼
5440,共英製鋼,鉄鋼
5444,大和工業,鉄鋼
5445,東京鐵鋼,鉄鋼
5446,北越メタル,鉄鋼
5448,東京鋼鐵,鉄鋼
5449,大阪製鐵,鉄鋼
5450,豊平製鋼,輸送用機器
5451,ヨドコウ,鉄鋼
5453,東洋鋼鈑,鉄鋼
5456,朝日工業,鉄鋼
5457,日鉄住金鋼管,鉄鋼
5458,高砂鐵工,鉄鋼
5461,中部鋼鈑,鉄鋼
5463,丸一鋼管,鉄鋼
5464,モリ工業,鉄鋼
5471,大同特殊鋼,鉄鋼
5476,日本高周波鋼業,鉄鋼
5479,日本金属工業,鉄鋼
5480,日本冶金工業,鉄鋼
5481,山陽特殊製鋼,鉄鋼
5482,愛知製鋼,鉄鋼
5484,東北特殊鋼,鉄鋼
5486,プロテリアル,鉄鋼
5491,日本金属,鉄鋼
5527,property technologies,不動産業
5530,日本システムバンク,不動産業
5532,リアルゲイト,不動産業
5533,エリッツ HD,不動産業
5535,ミガロ HD,不動産業
5537,AlbaLink,不動産業
5541,大平洋金属,鉄鋼
5542,新報国マテリアル,鉄鋼
5563,新日本電工,鉄鋼
5566,中央電気工業,鉄鋼
5570,ジェノバ,情報・通信業
5571,エキサイト HD,情報・通信業
5572,Ridge-i,情報・通信業
5574,ABEJA,情報・通信業
5575,Globee,情報・通信業
5576,オービーシステム,情報・通信業
5577,アイデミー,情報・通信業
5578,ARアドバンストテクノロジ,情報・通信業
5579,GSI,情報・通信業
5580,プロディライト,情報・通信業
5581,カイテクノロジー,情報・通信業
5582,グリッド,情報・通信業
5585,エコナビスタ,情報・通信業
5586,Laboro.AI,情報・通信業
5587,インバウンドプラットフォーム,情報・通信業
5588,ファーストアカウンティング,情報・通信業
5589,オートサーバー,情報・通信業
5590,ネットスターズ,情報・通信業
5591,AVILEN,情報・通信業
5592,くすりの窓口,情報・通信業
5595,QPS研究所,情報・通信業
5596,アウトルックコンサルティング,情報・通信業
5597,ブルーイノベーション,情報・通信業
5599,S&J,情報・通信業
5602,栗本鐵工所,鉄鋼
5603,虹技,鉄鋼
5605,アイメタルテクノロジー,輸送用機器
5606,旭テック,鉄鋼
5607,中央可鍛工業,鉄鋼
5609,日本鋳造,鉄鋼
5610,大和重工,鉄鋼
5612,日本鋳鉄管,鉄鋼
5614,川金 HD,鉄鋼
5616,雨風太陽,情報・通信業
5618,ナイル,情報・通信業
5619,マーソ,情報・通信業
5621,ヒューマンテクノロジーズ,情報・通信業
5631,日本製鋼所,機械
5632,三菱製鋼,鉄鋼
5641,テーデーエフ(商号TDF),鉄鋼
5644,メタルアート,鉄鋼
5645,イチタン,鉄鋼
5657,日鉄住金SGワイヤ,鉄鋼
5658,日亜鋼業,鉄鋼
5659,日本精線,鉄鋼
5660,神鋼鋼線工業,鉄鋼
5690,リバー HD,鉄鋼
5695,パウダーテック,鉄鋼
5697,サンユウ,鉄鋼
5698,エンビプロHD,鉄鋼
5699,イボキン,サービス業
5701,日本軽金属,非鉄金属
5702,大紀アルミニウム工業所,非鉄金属
5703,日本軽金属 HD,非鉄金属
5704,JMC,非鉄金属
5706,三井金属,非鉄金属
5707,東邦亜鉛,非鉄金属
5711,三菱マテリアル,非鉄金属
5713,住友金属鉱山,非鉄金属
5714,DOWA HD,非鉄金属
5715,古河機械金属,非鉄金属
5721,エス・サイエンス,非鉄金属
5724,アサカ理研,非鉄金属
5726,大阪チタニウムテクノロジーズ,非鉄金属
5727,東邦チタニウム,非鉄金属
5729,日本精鉱,非鉄金属
5738,住友軽金属工業,非鉄金属
5739,日本製箔,非鉄金属
5741,UACJ,非鉄金属
5742,エヌアイシ・オートテック,非鉄金属
5753,日本伸銅,非鉄金属
5757,CKサンエツ,非鉄金属
5758,FCM,非鉄金属
5759,日本電解,金属製品
5781,東邦金属,非鉄金属
5801,古河電気工業,非鉄金属
5802,住友電気工業,非鉄金属
5803,フジクラ,非鉄金属
5804,三菱電線工業,非鉄金属
5805,SWCC,非鉄金属
5807,東京特殊電線,非鉄金属
5809,タツタ電線,非鉄金属
5812,日立電線,非鉄金属
5815,沖電線,非鉄金属
5816,オーナンバ,非鉄金属
5817,JMACS,非鉄金属
5819,カナレ電気,非鉄金属
5820,三ッ星,非鉄金属
5821,平河ヒューテック,非鉄金属
5830,いよぎん HD,銀行業
5831,しずおか FG,銀行業
5832,ちゅうぎん FG,銀行業
5834,SBIリーシングサービス,その他金融業
5836,エージェント・インシュアランス・グループ,保険業
5838,楽天銀行,銀行業
5839,ホロス HD,保険業
5842,インテグラル,その他金融業
5843,ニッポンインシュア,その他金融業
5844,京都 FG,銀行業
5845,全保連,その他金融業
5851,リョービ,非鉄金属
5852,アーレスティ,非鉄金属
5855,アサヒプリテック,その他製品
5856,エルアイイーエイチ,非鉄金属
5857,ARE HD,非鉄金属
5867,エスネットワークス,サービス業
5868,ロココ,情報・通信業
5869,早稲田学習研究会,サービス業
5870,ナルネットコミュニケーションズ,サービス業
5871,SOLIZE HD,サービス業
5884,クラダシ,小売業
5885,ジーデップ・アドバンス,卸売業
5888,DAIWA CYCLE,小売業
5889,Japan Eyewear HD,小売業
5891,魁力屋,小売業
5892,yutori,小売業
5900,ダイケン,金属製品
5901,東洋製罐グループ HD,金属製品
5902,ホッカン HD,金属製品
5903,シンポ,金属製品
5905,日本製罐,金属製品
5906,エムケー精工,金属製品
5907,JFEコンテイナー,金属製品
5909,コロナ,金属製品
5911,横河ブリッジ HD,金属製品
5912,OSJB HD,建設業
5915,駒井ハルテック,金属製品
5917,サクラダ,金属製品
5918,瀧上工業,金属製品
5919,JST,金属製品
5921,川岸工業,金属製品
5922,那須電機鉄工,金属製品
5923,高田機工,金属製品
5928,アルメタックス,金属製品
5929,三和 HD,金属製品
5930,文化シヤッター,金属製品
5932,三協立山,金属製品
5933,アルインコ,金属製品
5934,日本アルミ,非鉄金属
5935,元旦ビューティ工業,金属製品
5936,東洋シヤッター,金属製品
5938,LIXIL,金属製品
5939,大谷工業,金属製品
5940,不二サッシ,金属製品
5941,中西製作所,金属製品
5942,日本フイルコン,金属製品
5943,ノーリツ,金属製品
5945,天龍製鋸,金属製品
5946,長府製作所,金属製品
5947,リンナイ,金属製品
5949,ユニプレス,輸送用機器
5950,日本パワーファスニング,金属製品
5951,ダイニチ工業,金属製品
5952,アマテイ,金属製品
5953,昭和鉄工,金属製品
5954,トープラ,金属製品
5955,ワイズ HD,金属製品
5956,トーソー,金属製品
5957,日東精工,金属製品
5958,三洋工業,金属製品
5959,岡部,金属製品
5962,浅香工業,その他製品
5963,MOLDINO,機械
5964,東洋刄物,金属製品
5965,フジマック,金属製品
5966,京都機械工具,金属製品
5967,TONE,金属製品
5969,ロブテックス,金属製品
5970,ジーテクト,金属製品
5971,共和工業所,金属製品
5973,トーアミ,金属製品
5974,中国工業,金属製品
5975,東プレ,金属製品
5976,高周波熱錬,金属製品
5979,カネソウ,金属製品
5981,東京製綱,金属製品
5982,マルゼン,金属製品
5983,イワブチ,金属製品
5984,兼房,金属製品
5985,サンコール,金属製品
5986,モリテックスチール,金属製品
5987,オーネックス,金属製品
5988,パイオラックス,金属製品
5989,エイチワン,金属製品
5990,スーパーツール,金属製品
5991,日本発條,金属製品
5992,中央発條,金属製品
5993,知多鋼業,金属製品
5994,ファインシンター,金属製品
5996,新立川航空機,金属製品
5997,協立エアテック,金属製品
5998,アドバネクス,金属製品
5999,イハラサイエンス,金属製品
6005,三浦工業,機械
6013,タクマ,機械
6016,ジャパンエンジンコーポレーション,輸送用機器
6018,阪神内燃機工業,輸送用機器
6022,赤阪鐵工所,機械
6023,ダイハツインフィニアース,輸送用機器
6025,日本PCサービス,サービス業
6026,GMO TECH,サービス業
6027,弁護士ドットコム,サービス業
6028,テクノプロHD,サービス業
6029,アトラグループ,サービス業
6030,アドベンチャー,サービス業
6031,ZETA,サービス業
6032,インターワークス,サービス業
6033,エクストリーム,サービス業
6034,MRT,サービス業
6035,アイ・アールジャパン HD,サービス業
6036,KeePer技研,サービス業
6037,楽待,サービス業
6038,イード,サービス業
6039,日本動物高度医療センター,サービス業
6040,日本スキー場開発,サービス業
6042,ニッキ,輸送用機器
6044,三機サービス,サービス業
6045,レントラックス,サービス業
6046,リンクバル,サービス業
6047,Gunosy,サービス業
6048,GMOデザインワン,サービス業
6049,イトクロ,サービス業
6050,イー・ガーディアン,サービス業
6051,アイ・アールジャパン,サービス業
6052,イーピーミント,サービス業
6053,栄光 HD,サービス業
6054,リブセンス,サービス業
6055,ジャパンマテリアル,サービス業
6058,ベクトル,サービス業
6059,ウチヤマ HD,サービス業
6060,こころネット,サービス業
6061,ユニバーサル園芸社,サービス業
6062,チャーム・ケア・コーポレーション,サービス業
6063,日本エマージェンシーアシスタンス,サービス業
6064,アクトコール,サービス業
6065,ライクキッズ,サービス業
6067,インパクトフィールド,サービス業
6068,P&P HD,サービス業
6069,トレンダーズ,サービス業
6070,キャリアリンク,サービス業
6071,IBJ,サービス業
6072,地盤ネット HD,サービス業
6073,アサンテ,サービス業
6074,ジェイエスエス,サービス業
6075,フォトクリエイト,サービス業
6076,アメイズ,サービス業
6077,N・フィールド,サービス業
6078,バリューHR,サービス業
6079,エナリス,サービス業
6080,M&Aキャピタルパートナーズ,サービス業
6081,アライドアーキテクツ,サービス業
6082,ライドオンエクスプレス HD,サービス業
6083,ERI HD,サービス業
6084,オウチーノ,サービス業
6085,アーキテクツ・スタジオ・ジャパン,サービス業
6086,シンメンテ HD,サービス業
6087,アビスト,サービス業
6088,シグマクシスHD,サービス業
6089,ウィルグループ,サービス業
6090,ヒューマン・メタボローム・テクノロジーズ,サービス業
6091,ウエスコ HD,サービス業
6092,エンバイオHD,サービス業
6093,エスクロー・エージェント・ジャパン,サービス業
6094,フリークアウトHD,サービス業
6095,メドピア,サービス業
6096,レアジョブ,サービス業
6097,日本ビューホテル,サービス業
6098,リクルート HD,サービス業
6099,エラン,サービス業
6101,ツガミ,機械
6103,オークマ,機械
6104,芝浦機械,機械
6111,旭精機工業,機械
6112,小島鐵工所,機械
6113,アマダ,機械
6118,アイダエンジニアリング,機械
6121,TAKISAWA,機械
6125,岡本工作機械製作所,機械
6131,浜井産業,機械
6134,FUJI,機械
6135,牧野フライス製作所,機械
6136,オーエスジー,機械
6137,小池酸素工業,機械
6138,ダイジェット工業,機械
6140,旭ダイヤモンド工業,機械
6141,DMG森精機,機械
6142,富士精工,機械
6143,ソディック,機械
6144,西部電機,機械
6145,NITTOKU,機械
6146,ディスコ,機械
6147,ヤマザキ,機械
6149,小田原エンジニアリング,機械
6150,タケダ機械,機械
6151,日東工器,機械
6155,高松機械工業,機械
6156,エーワン精密,機械
6157,日進工具,機械
6158,和井田製作所,機械
6159,ミクロン精密,機械
6160,ソディックハイテック,機械
6161,エスティック,機械
6162,シチズンマシナリーミヤノ,機械
6163,エイチアンドエフ,機械
6164,太陽工機,機械
6165,パンチ工業,機械
6166,中村超硬,機械
6167,冨士ダイス,機械
6170,リッチメディア,サービス業
6171,土木管理総合試験所,サービス業
6172,メタップス,サービス業
6173,アクアライン,サービス業
6175,All Ads,サービス業
6176,ブランジスタ,サービス業
6177,AppBank,サービス業
6178,日本郵政,サービス業
6180,GMOメディア,サービス業
6181,タメニー,サービス業
6182,メタリアル,サービス業
6183,ベルシステム24 HD,サービス業
6184,鎌倉新書,サービス業
6185,SMN,サービス業
6186,一蔵,サービス業
6187,LITALICOパートナーズ,サービス業
6188,富士ソフトサービスビューロ,サービス業
6189,グローバルキッズCOMPANY,サービス業
6190,フェニックスバイオ,サービス業
6191,エアトリ,サービス業
6192,ハイアス・アンド・カンパニー,サービス業
6193,バーチャレクスHD,サービス業
6194,アトラエ,情報・通信業
6195,ホープ,サービス業
6196,ストライク,サービス業
6197,ソラスト,サービス業
6198,キャリア,サービス業
6199,セラク,サービス業
6200,インソース,サービス業
6201,豊田自動織機,輸送用機器
6203,豊和工業,機械
6205,ニデックオーケーケー,機械
6208,石川製作所,機械
6209,リケンNPR,機械
6210,TOYOイノベックス,機械
6211,倉敷機械,機械
6217,津田駒工業,機械
6218,エンシュウ,機械
6222,島精機製作所,機械
6223,西部技研,機械
6224,JRC,輸送用機器
6225,エコム,機械
6226,守谷輸送機工業,機械
6227,AIメカテック,電気機器
6228,ジェイ・イー・ティ,機械
6229,オーケーエム,機械
6230,SANEI,機械
6231,木村工機,機械
6232,ACSL,機械
6233,KLASS,機械
6234,世紀,機械
6235,オプトラン,機械
6236,NC HD,機械
6237,イワキ,機械
6238,フリュー,機械
6239,ナガオカ,機械
6240,ヤマシンフィルタ,機械
6242,日本スピンドル製造,機械
6245,ヒラノテクシード,機械
6246,テクノスマート,機械
6247,日阪製作所,機械
6248,横田製作所,機械
6249,ゲームカード HD,機械
6250,やまびこ,機械
6253,エフオーアイ,精密機器
6254,野村マイクロ・サイエンス,機械
6255,エヌ・ピー・シー,機械
6256,ニューフレアテクノロジー,機械
6257,藤商事,機械
6258,平田機工,機械
6259,萩原エンジニアリング,機械
6260,アドテックエンジニアリング,機械
6261,日本ゲームカード,サービス業
6262,PEGASUS,機械
6264,マルマエ,機械
6265,コンバム,機械
6266,タツモ,機械
6267,ゼネラルパッカー,機械
6268,ナブテスコ,機械
6269,三井海洋開発,機械
6271,ニッセイ,機械
6272,レオン自動機,機械
6273,SMC,機械
6274,ヤマハモーターロボティクス HD,機械
6276,シリウスビジョン,機械
6277,ホソカワミクロン,機械
6278,ユニオンツール,機械
6279,瑞光,機械
6280,名機製作所,機械
6281,前田製作所,機械
6282,オイレス工業,機械
6284,日精エー・エス・ビー機械,機械
6286,靜甲,機械
6287,サトー,機械
6289,技研製作所,機械
6291,日本エアーテック,機械
6292,カワタ,機械
6293,日精樹脂工業,機械
6294,オカダアイヨン,機械
6295,富士変速機,機械
6297,鉱研工業,機械
6298,ワイエイシイ HD,機械
6299,神鋼環境ソリューション,機械
6300,アピックヤマダ,機械
6301,小松製作所,機械
6302,住友重機械工業,機械
6303,ササクラ,機械
6305,日立建機,機械
6306,日工,機械
6307,サンセイ,機械
6309,巴工業,機械
6310,井関農機,機械
6312,フロイント産業,機械
6314,石井工作研究所,機械
6315,TOWA,機械
6316,丸山製作所,機械
6317,北川鉄工所,機械
6319,シンニッタン,鉄鋼
6321,IHI運搬機械,機械
6322,タクミナ,機械
6323,ローツェ,機械
6324,ハーモニック・ドライブ・システムズ,機械
6325,タカキタ,機械
6326,クボタ,機械
6327,北川精機,機械
6328,荏原実業,機械
6330,東洋エンジニアリング,建設業
6331,三菱化工機,機械
6332,月島 HD,機械
6333,帝国電機製作所,機械
6334,明治機械,機械
6335,東京機械製作所,機械
6336,石井表記,機械
6337,テセック,機械
6338,タカトリ,機械
6339,新東工業,機械
6340,澁谷工業,機械
6342,太平製作所,機械
6343,フリージア・マクロス,機械
6345,アイチコーポレーション,機械
6346,キクカワエンタープライズ,機械
6347,プラコー,機械
6349,小森コーポレーション,機械
6351,鶴見製作所,機械
6352,トーヨーコーケン,機械
6355,住友精密工業,機械
6356,日本ギア工業,機械
6357,三精テクノロジーズ,機械
6358,酒井重工業,機械
6360,東京自働機械製作所,機械
6361,荏原製作所,機械
6362,石井鐵工所,機械
6363,酉島製作所,機械
6364,AIRMAN,機械
6365,電業社機械製作所,機械
6366,千代田化工建設,建設業
6367,ダイキン工業,機械
6368,オルガノ,機械
6369,トーヨーカネツ,機械
6370,栗田工業,機械
6371,椿本チエイン,機械
6373,大同工業,機械
6374,TCM,機械
6375,日本コンベヤ,機械
6376,日機装,精密機器
6378,木村化工機,機械
6379,レイズネクスト,建設業
6380,オリエンタルチエン工業,機械
6381,アネスト岩田,機械
6382,トリニティ工業,機械
6383,ダイフク,機械
6384,昭和真空,機械
6387,サムコ,機械
6390,加藤製作所,機械
6391,加地テック,機械
6392,ヤマダコーポレーション,機械
6393,油研工業,機械
6395,タダノ,機械
6396,宇野澤組鐵工所,機械
6397,郷鉄工所,機械
6400,不二精機,機械
6401,ソディックプラステック,機械
6402,兼松エンジニアリング,機械
6403,水道機工,機械
6405,鈴茂器工,機械
6406,フジテック,機械
6407,CKD,機械
6408,小倉クラッチ,機械
6409,キトー,機械
6411,中野冷機,機械
6412,平和,機械
6413,理想科学工業,機械
6414,川重冷熱工業,機械
6416,桂川電機,機械
6417,三共,機械
6418,日本金銭機械,機械
6419,マースグループ HD,機械
6420,ガリレイ,機械
6421,キヤノンファインテック,精密機器
6424,高見沢サイバネティックス,機械
6425,ユニバーサルエンターテインメント,機械
6428,オーイズミ,機械
6429,タイヨーエレック,その他製品
6430,ダイコク電機,機械
6432,竹内製作所,機械
6433,ヒーハイスト,機械
6436,アマノ,機械
6437,三條機械製作所,機械
6439,中日本鋳工,機械
6440,JUKI,機械
6443,東洋製作所,機械
6444,サンデン,機械
6445,ジャノメ,機械
6448,ブラザー工業,電気機器
6453,シルバー精工,機械
6454,マックス,機械
6455,モリタ HD,輸送用機器
6457,グローリー,機械
6458,新晃工業,機械
6459,大和冷機工業,機械
6460,セガサミー HD,機械
6461,日本ピストンリング,機械
6462,リケン,機械
6463,TPR,機械
6464,ツバキ・ナカシマ,機械
6465,ホシザキ,機械
6466,TVE,機械
6467,ニチダイ,機械
6469,放電精密加工研究所,機械
6470,大豊工業,機械
6471,日本精工,機械
6472,NTN,機械
6473,ジェイテクト,機械
6474,不二越,機械
6476,富士テクニカ宮津,機械
6478,ダイベア,機械
6479,ミネベアミツミ,電気機器
6480,日本トムソン,機械
6481,THK,機械
6482,YUSHIN,機械
6484,KVK,機械
6485,前澤給装工業,機械
6486,イーグル工業,機械
6487,積水工機製作所,機械
6488,ヨシタケ,機械
6489,前澤工業,機械
6490,PILLAR,機械
6492,岡野バルブ製造,機械
6493,NITTAN,輸送用機器
6494,NFK HD,機械
6495,宮入バルブ製作所,機械
6496,中北製作所,機械
6497,ハマイ,機械
6498,キッツ,機械
6501,日立製作所,電気機器
6502,東芝,電気機器
6503,三菱電機,電気機器
6504,富士電機,電気機器
6505,東洋電機製造,電気機器
6506,安川電機,電気機器
6507,シンフォニアテクノロジー,電気機器
6508,明電舎,電気機器
6513,オリジン,電気機器
6516,山洋電気,電気機器
6517,デンヨー,電気機器
6518,三相電機,電気機器
6521,オキサイド,その他製品
6522,アスタリスク,電気機器
6523,PHC HD,電気機器
6524,湖北工業,電気機器
6525,KOKUSAI ELECTRIC,電気機器
6526,ソシオネクスト,電気機器
6531,リファインバース,サービス業
6532,ベイカレント,サービス業
6533,Orchestra HD,サービス業
6534,Hakuhodo DY ONE,サービス業
6535,アイモバイル,サービス業
6537,WASHハウス,サービス業
6538,ディスラプターズ,サービス業
6539,MS-Japan,サービス業
6540,船場,サービス業
6541,グレイステクノロジー,サービス業
6542,FC HD,サービス業
6543,日宣,サービス業
6544,ジャパンエレベーターサービス HD,サービス業
6545,インターネットインフィニティー,サービス業
6546,フルテック,サービス業
6547,グリーンズ,サービス業
6548,旅工房,サービス業
6549,ディーエムソリューションズ,サービス業
6550,Unipos,サービス業
6551,ツナググループHD,サービス業
6552,GameWith,情報・通信業
6553,ソウルドアウト,サービス業
6554,エスユーエス,サービス業
6555,MS&Consulting,サービス業
6556,ウェルビー,サービス業
6557,AIAIグループ,サービス業
6558,クックビズ,サービス業
6559,アトリエはるか,サービス業
6560,エル・ティー・エス,サービス業
6561,HANATOUR JAPAN,サービス業
6562,ジーニー,情報・通信業
6563,みらいワークス,サービス業
6564,ミダック HD,サービス業
6565,ABホテル,サービス業
6566,要興業,サービス業
6567,SERIO HD,サービス業
6568,神戸天然物化学,サービス業
6569,日総工産,サービス業
6570,共和コーポレーション,サービス業
6571,キュービーネット HD,サービス業
6572,オープングループ,サービス業
6573,CRAVIA,サービス業
6574,コンヴァノ,サービス業
6575,ヒューマン・アソシエイツHD,サービス業
6577,ベストワンドットコム,サービス業
6578,コレック HD,サービス業
6579,ログリー,サービス業
6580,ライトアップ,情報・通信業
6581,日立工機,機械
6584,三櫻工業,輸送用機器
6585,日本電産サーボ,電気機器
6586,マキタ,機械
6588,東芝テック,電気機器
6590,芝浦メカトロニクス,電気機器
6591,西芝電機,電気機器
6592,マブチモーター,電気機器
6593,ローヤル電機,電気機器
6594,ニデック,電気機器
6597,HPCシステムズ,情報・通信業
6598,スマート・ソリューション・テクノロジー,情報・通信業
6599,エブレン,電気機器
6600,キオクシア HD,電気機器
6612,バルミューダ,電気機器
6613,QDレーザ,電気機器
6614,シキノハイテック,電気機器
6615,ユー・エム・シー・エレクトロニクス,電気機器
6616,トレックス・セミコンダクター,電気機器
6617,東光高岳,電気機器
6618,大泉製作所,電気機器
6619,ダブル・スコープ,電気機器
6620,宮越 HD,電気機器
6621,高岳製作所,電気機器
6622,ダイヘン,電気機器
6623,愛知電機,電気機器
6624,田淵電機,電気機器
6625,JALCO HD,電気機器
6626,SEMITEC,電気機器
6627,テラプローブ,電気機器
6628,オンキヨーホームエンターテイメント,電気機器
6629,テクノホライゾン,電気機器
6630,ヤーマン,電気機器
6632,JVCケンウッド,電気機器
6633,CGS HD,電気機器
6634,JNグループ,電気機器
6635,大日光・エンジニアリング,電気機器
6636,ソルガム・ジャパンHD,電気機器
6637,寺崎電気産業,電気機器
6638,ミマキエンジニアリング,電気機器
6639,コンテック,電気機器
6640,I-PEX,電気機器
6641,日新電機,電気機器
6643,戸上電機製作所,電気機器
6644,大崎電気工業,電気機器
6645,オムロン,電気機器
6647,森尾電機,電気機器
6648,かわでん,電気機器
6651,日東工業,電気機器
6652,IDEC,電気機器
6653,正興電機製作所,電気機器
6654,不二電機工業,電気機器
6655,東洋電機,電気機器
6656,インスペック,電気機器
6657,DNライティング,電気機器
6658,シライ電子工業,電気機器
6659,メディアリンクス,電気機器
6660,インネクスト,電気機器
6661,オプテックス・エフエー,電気機器
6662,ユビテック,電気機器
6663,太洋テクノレックス,電気機器
6664,オプトエレクトロニクス,電気機器
6665,マイクロンメモリジャパン,電気機器
6666,リバーエレテック,電気機器
6667,シコー,精密機器
6668,アドテックプラズマテクノロジー,電気機器
6669,シーシーエス,電気機器
6670,MCJ,電気機器
6671,アーム電子,電気機器
6672,レイテックス,電気機器
6674,ジーエス・ユアサコーポレーション,電気機器
6675,サクサ,電気機器
6676,バッファロー,電気機器
6677,エスケーエレクトロニクス,電気機器
6678,テクノメディカ,電気機器
6694,ズーム,電気機器
6695,キャストリコ,電気機器
6696,トラース・オン・プロダクト,電気機器
6697,"テックポイント・インク(Techpoint,Inc.)",外国法人・組合
6698,ヴィスコ・テクノロジーズ,電気機器
6699,ダイヤモンドエレクトリック HD,電気機器
6701,日本電気,電気機器
6702,富士通,電気機器
6703,沖電気工業,電気機器
6704,岩崎通信機,電気機器
6706,電気興業,電気機器
6707,サンケン電気,電気機器
6708,エプソントヨコム,電気機器
6709,明星電気,電気機器
6715,ナカヨ,電気機器
6716,テクニカル電子,電気機器
6718,アイホン,電気機器
6719,富士通コンポーネント,電気機器
6721,ウインテスト,電気機器
6722,エイアンドティー,電気機器
6723,ルネサスエレクトロニクス,電気機器
6724,セイコーエプソン,電気機器
6727,ワコム,電気機器
6728,アルバック,電気機器
6730,アクセル,電気機器
6731,ピクセラ,電気機器
6734,ニューテック,電気機器
6736,サン電子,電気機器
6737,EIZO,電気機器
6738,東研,電気機器
6740,ジャパンディスプレイ,電気機器
6741,日本信号,電気機器
6742,京三製作所,電気機器
6743,大同信号,電気機器
6744,能美防災,電気機器
6745,ホーチキ,電気機器
6747,KI HD,電気機器
6748,星和電機,電気機器
6749,マスプロ電工,電気機器
6750,エレコム,電気機器
6751,日本無線,電気機器
6752,パナソニック HD,電気機器
6753,シャープ,電気機器
6754,アンリツ,電気機器
6755,富士通ゼネラル,電気機器
6756,日立国際電気,電気機器
6757,OSGコーポレーション,電気機器
6758,ソニーグループ,電気機器
6759,NECトーキン,電気機器
6762,TDK,電気機器
6763,帝国通信工業,電気機器
6766,クラウン,電気機器
6767,ミツミ電機,電気機器
6768,タムラ製作所,電気機器
6769,ザインエレクトロニクス,電気機器
6770,アルプスアルパイン,電気機器
6771,池上通信機,電気機器
6772,東京コスモス電機,電気機器
6773,パイオニア,電気機器
6775,TBグループ,電気機器
6776,天昇電気工業,化学
6777,santec HD,電気機器
6778,アルチザネットワークス,電気機器
6779,日本電波工業,電気機器
6784,プラネックスホールディング,電気機器
6785,鈴木,電気機器
6786,RVH,電気機器
6787,メイコー,電気機器
6788,日本トリム,電気機器
6789,ローランドディー.ジー.,電気機器
6791,日本コロムビア,情報・通信業
6793,山水電気,電気機器
6794,フォスター電機,電気機器
6796,クラリオン,電気機器
6797,名古屋電機工業,電気機器
6798,SMK,電気機器
6800,ヨコオ,電気機器
6801,埼玉村田製作所,電気機器
6803,ティアック,電気機器
6804,ホシデン,電気機器
6806,ヒロセ電機,電気機器
6807,日本航空電子工業,電気機器
6809,TOA,電気機器
6810,マクセル,電気機器
6812,ジャルコ,電気機器
6814,古野電気,電気機器
6815,ユニデン HD,電気機器
6816,アルパイン,電気機器
6817,スミダコーポレーション,電気機器
6818,島田理化工業,電気機器
6819,伊豆シャボテンリゾート,サービス業
6820,アイコム,電気機器
6822,大井電気,電気機器
6823,リオン,電気機器
6824,新コスモス電機,電気機器
6826,本多通信工業,電気機器
6832,アオイ電子,電気機器
6833,日本電産リード,電気機器
6834,精工技研,電気機器
6835,アライドテレシス HD,電気機器
6836,ぷらっとホーム,電気機器
6837,京写,電気機器
6838,多摩川 HD,電気機器
6839,船井電機,電気機器
6840,AKIBA HD,電気機器
6841,横河電機,電気機器
6842,ユニパルス,電気機器
6844,新電元工業,電気機器
6845,アズビル,電気機器
6846,中央製作所,電気機器
6848,東亜ディーケーケー,電気機器
6849,日本光電工業,電気機器
6850,チノー,電気機器
6852,テクノ・セブン,電気機器
6853,共和電業,電気機器
6855,日本電子材料,電気機器
6856,堀場製作所,電気機器
6857,アドバンテスト,電気機器
6858,小野測器,電気機器
6859,エスペック,電気機器
6860,パナソニックデバイスSUNX,電気機器
6861,キーエンス,電気機器
6862,ミナト HD,電気機器
6863,ニレコ,電気機器
6864,エヌエフ HD,電気機器
6866,日置電機,電気機器
6867,リーダー電子,電気機器
6868,東京カソード研究所,電気機器
6869,シスメックス,電気機器
6870,日本フェンオール,電気機器
6871,日本マイクロニクス,電気機器
6874,協立電機,電気機器
6875,メガチップス,電気機器
6876,光波,電気機器
6877,OBARA GROUP,電気機器
6878,長野日本無線,電気機器
6879,IMAGICA GROUP,情報・通信業
6881,キョウデン,電気機器
6882,三社電機製作所,電気機器
6883,日本電産コパル電子,電気機器
6885,ミヤチテクノス,電気機器
6888,アクモス,情報・通信業
6889,オーデリック,電気機器
6890,フェローテック,電気機器
6891,イーター電機工業,電気機器
6893,タイテック,電気機器
6894,パルステック工業,電気機器
6895,ダイヤモンド電機,電気機器
6896,北川工業,電気機器
6897,ツインバード,電気機器
6898,トミタ電機,電気機器
6899,ASTI,電気機器
6900,東京電波,電気機器
6901,澤藤電機,電気機器
6902,デンソー,輸送用機器
6904,原田工業,電気機器
6905,コーセル,電気機器
6907,ジオマテック,電気機器
6908,イリソ電子工業,電気機器
6910,日立メディコ,電気機器
6911,新日本無線,電気機器
6912,菊水 HD,電気機器
6914,オプテックスグループ,電気機器
6915,千代田インテグレ,電気機器
6916,アイ・オー・データ機器,電気機器
6918,アバールデータ,電気機器
6919,ケル,電気機器
6920,レーザーテック,電気機器
6921,東光電気,電気機器
6922,昭和情報機器,電気機器
6923,スタンレー電気,電気機器
6924,岩崎電気,電気機器
6925,ウシオ電機,電気機器
6926,岡谷電機産業,電気機器
6927,ヘリオステクノホールディング,電気機器
6928,エノモト,電気機器
6929,日本セラミック,電気機器
6930,日本アンテナ,電気機器
6932,遠藤照明,電気機器
6934,新神戸電機,電気機器
6935,日本デジタル研究所,電気機器
6937,古河電池,電気機器
6938,双信電機,電気機器
6939,ユー・エム・シー・ジャパン,電気機器
6941,山一電機,電気機器
6942,ソフィア HD,情報・通信業
6943,NKKスイッチズ,電気機器
6944,アイレックス,情報・通信業
6945,富士通フロンテック,電気機器
6946,日本アビオニクス,電気機器
6947,図研,電気機器
6950,ワイ・イー・データ,電気機器
6951,日本電子,電気機器
6952,カシオ計算機,電気機器
6954,ファナック,電気機器
6955,FDK,電気機器
6957,芝浦電子,電気機器
6958,日本シイエムケイ,電気機器
6960,フクダ電子,電気機器
6961,エンプラス,電気機器
6962,大真空,電気機器
6963,ローム,電気機器
6964,サンコー,電気機器
6965,浜松ホトニクス,電気機器
6966,三井ハイテック,電気機器
6967,新光電気工業,電気機器
6969,松尾電機,電気機器
6971,京セラ,電気機器
6972,エルナー,電気機器
6973,協栄産業,卸売業
6974,日本インター,電気機器
6976,太陽誘電,電気機器
6977,日本抵抗器製作所,電気機器
6981,村田製作所,電気機器
6982,リード,輸送用機器
6985,ユーシン,電気機器
6986,双葉電子工業,電気機器
6988,日東電工,化学
6989,北陸電気工業,電気機器
6992,国産電機,電気機器
6993,大黒屋 HD,電気機器
6994,指月電機製作所,電気機器
6995,東海理化電機製作所,輸送用機器
6996,ニチコン,電気機器
6997,日本ケミコン,電気機器
6998,日本タングステン,電気機器
6999,KOA,電気機器
7003,三井E&S,機械
7004,カナデビア,機械
7007,佐世保重工業,輸送用機器
7011,三菱重工業,機械
7012,川崎重工業,輸送用機器
7013,IHI,機械
7014,名村造船所,輸送用機器
7018,内海造船,輸送用機器
7021,ニッチツ,機械
7022,サノヤス HD,輸送用機器
7030,スプリックス,サービス業
7031,インバウンドテック,サービス業
7032,パデコ,サービス業
7033,マネジメントソリューションズ,サービス業
7034,プロレド・パートナーズ,サービス業
7035,and factory,サービス業
7036,イーエムネットジャパン,サービス業
7037,テノ. HD,サービス業
7038,フロンティア・マネジメント,サービス業
7039,ブリッジインターナショナル,サービス業
7040,サン・ライフホールディング,サービス業
7041,CRG HD,サービス業
7042,アクセスグループHD,サービス業
7043,アルー,サービス業
7044,ピアラ,サービス業
7045,ツクイスタッフ,サービス業
7046,TDSE,サービス業
7047,ポート,情報・通信業
7048,ベルトラ,サービス業
7049,識学,サービス業
7050,フロンティアインターナショナル,サービス業
7057,エヌ・シー・エヌ,サービス業
7058,共栄セキュリティーサービス,サービス業
7059,コプロHD,サービス業
7060,ギークス,サービス業
7061,日本ホスピス HD,サービス業
7062,フレアス,サービス業
7063,Birdman,サービス業
7064,ハウテレビジョン,サービス業
7065,ユーピーアール,サービス業
7066,ピアズ,サービス業
7067,ブランディングテクノロジー,サービス業
7068,フィードフォースグループ,サービス業
7069,サイバー・バズ,サービス業
7070,SI HD,サービス業
7071,アンビス HD,サービス業
7072,インティメート・マージャー,サービス業
7073,ジェイック,サービス業
7074,トゥエンティーフォーセブン HD,サービス業
7075,QLS HD,サービス業
7076,名南M&A,サービス業
7077,ALiNKインターネット,サービス業
7078,INCLUSIVE HD,サービス業
7079,WDBココ,サービス業
7080,スポーツフィールド,サービス業
7081,コーユーレンティア,サービス業
7082,ジモティー,サービス業
7083,AHCグループ,サービス業
7084,Smile HD,サービス業
7085,カーブス HD,サービス業
7086,きずな HD,サービス業
7087,ウイルテック,サービス業
7088,フォーラムエンジニアリング,サービス業
7089,フォースタートアップス,サービス業
7090,リグア,サービス業
7091,リビングプラットフォーム,サービス業
7092,Fast Fitness Japan,サービス業
7093,アディッシュ,サービス業
7094,NexTone,サービス業
7095,Macbee Planet,サービス業
7096,ステムセル研究所,医薬品
7097,さくらさくプラス,サービス業
7102,日本車輌製造,輸送用機器
7105,三菱ロジスネクスト,輸送用機器
7110,クラシコム,小売業
7111,INEST,卸売業
7112,キューブ,小売業
7114,フーディソン,情報・通信業
7115,アルファパーチェス,卸売業
7116,ダイワ通信,情報・通信業
7118,伸和 HD,小売業
7119,ハルメク HD,小売業
7120,SHINKO,情報・通信業
7122,近畿車輛,輸送用機器
7126,グローバルスタイル,小売業
7127,一家 HD,小売業
7128,ユニソル HD,卸売業
7129,ミアヘルサ HD,小売業
7130,ヤマエグループ HD,卸売業
7131,のむら産業,機械
7133,HYUGA PRIMARY CARE,小売業
7134,アップガレージグループ,サービス業
7135,ジャパンクラフト HD,小売業
7136,ウェルビングループ,小売業
7138,TORICO,小売業
7140,ペットゴー,小売業
7148,FPG,証券、商品先物取引業
7150,島根銀行,銀行業
7157,ライフネット生命保険,保険業
7161,じもと HD,銀行業
7162,アストマックス,電気・ガス業
7163,住信SBIネット銀行,銀行業
7164,全国保証,その他金融業
7167,めぶき FG,銀行業
7169,ナローピーク,保険業
7172,ジャパンインベストメントアドバイザー,証券、商品先物取引業
7173,東京きらぼし FG,銀行業
7175,今村証券,証券、商品先物取引業
7177,GMOフィナンシャル HD,証券、商品先物取引業
7180,九州 FG,銀行業
7181,かんぽ生命保険,保険業
7182,ゆうちょ銀行,銀行業
7183,あんしん保証,その他金融業
7184,富山第一銀行,銀行業
7185,ヒロセ通商,その他金融業
7186,横浜 FG,銀行業
7187,ジェイリース,その他金融業
7189,西日本フィナンシャル HD,銀行業
7190,マーキュリアインベストメント,証券、商品先物取引業
7191,イントラスト,その他金融業
7192,日本モーゲージサービス,その他金融業
7196,Casa,その他金融業
7198,SBIアルヒ,その他金融業
7199,プレミアグループ,その他金融業
7201,日産自動車,輸送用機器
7202,いすゞ自動車,輸送用機器
7203,トヨタ自動車,輸送用機器
7205,日野自動車,輸送用機器
7208,カネミツ,輸送用機器
7211,三菱自動車工業,輸送用機器
7212,エフテック,輸送用機器
7213,レシップ HD,輸送用機器
7214,GMB,輸送用機器
7215,ファルテック,輸送用機器
7217,テイン,輸送用機器
7218,田中精密工業,輸送用機器
7219,エッチ・ケー・エス,輸送用機器
7220,武蔵精密工業,輸送用機器
7221,トヨタ車体,輸送用機器
7222,日産車体,輸送用機器
7223,トヨタ自動車東日本,輸送用機器
7224,新明和工業,輸送用機器
7226,極東開発工業,輸送用機器
7227,アスカ,輸送用機器
7228,デイトナ,輸送用機器
7229,ユタカ技研,輸送用機器
7230,日信工業,輸送用機器
7231,トピー工業,輸送用機器
7233,自動車部品工業,輸送用機器
7235,東京ラヂエーター製造,輸送用機器
7236,ティラド,輸送用機器
7238,曙ブレーキ工業,輸送用機器
7239,タチエス,輸送用機器
7240,NOK,輸送用機器
7241,フタバ産業,輸送用機器
7242,カヤバ,輸送用機器
7243,アイシンシロキ,輸送用機器
7244,市光工業,電気機器
7245,大同メタル工業,輸送用機器
7246,プレス工業,輸送用機器
7247,ミクニ,輸送用機器
7248,マレリ,輸送用機器
7249,尾張精機,輸送用機器
7250,太平洋工業,輸送用機器
7251,ケーヒン,輸送用機器
7254,ユニバンス,輸送用機器
7255,桜井製作所,輸送用機器
7256,河西工業,輸送用機器
7259,アイシン,輸送用機器
7260,富士機工,輸送用機器
7261,マツダ,輸送用機器
7262,ダイハツ工業,輸送用機器
7263,愛知機械工業,輸送用機器
7264,ムロコーポレーション,輸送用機器
7265,エイケン工業,輸送用機器
7266,今仙電機製作所,輸送用機器
7267,本田技研工業,輸送用機器
7268,タツミ,輸送用機器
7269,スズキ,輸送用機器
7270,SUBARU,輸送用機器
7271,安永,輸送用機器
7272,ヤマハ発動機,輸送用機器
7273,イクヨ,輸送用機器
7274,ショーワ,輸送用機器
7276,小糸製作所,電気機器
7277,TBK,輸送用機器
7278,エクセディ,輸送用機器
7279,ハイレックスコーポレーション,輸送用機器
7280,ミツバ,電気機器
7282,豊田合成,輸送用機器
7283,愛三工業,輸送用機器
7284,盟和産業,輸送用機器
7287,日本精機,輸送用機器
7291,日本プラスト,輸送用機器
7292,村上開明堂,輸送用機器
7294,ヨロズ,輸送用機器
7296,エフ・シー・シー,輸送用機器
7297,カーメイト,輸送用機器
7298,八千代工業,輸送用機器
7299,フジオーゼックス,輸送用機器
7301,宮田工業,輸送用機器
7305,新家工業,鉄鋼
7308,ツノダ,不動産業
7309,シマノ,輸送用機器
7312,タカタ,輸送用機器
7313,テイ・エステック,輸送用機器
7314,小田原機器,輸送用機器
7315,IJTT,輸送用機器
7316,ZMP,精密機器
7317,松屋アールアンドディ,機械
7318,セレンディップHD,サービス業
7320,Solvvy,その他金融業
7321,関西みらい FG,銀行業
7322,三十三 FG,銀行業
7323,アイペット損害保険,保険業
7325,アイリックコーポレーション,保険業
7326,SBIインシュアランスグループ,保険業
7327,第四北越 FG,銀行業
7330,レオス・キャピタルワークス,証券、商品先物取引業
7337,ひろぎん HD,銀行業
7338,インヴァスト,その他金融業
7339,アイペット HD,保険業
7342,ウェルスナビ,証券、商品先物取引業
7343,ブロードマインド,その他金融業
7345,アイ・パートナーズフィナンシャル,その他金融業
7347,マーキュリア HD,証券、商品先物取引業
7350,おきなわ FG,銀行業
7351,グッドパッチ,情報・通信業
7352,TWOSTONE&Sons,サービス業
7353,KIYOラーニング,サービス業
7354,ダイレクトマーケティングミックス,サービス業
7356,Retty,サービス業
7357,ジオコード,サービス業
7358,ポピンズ,サービス業
7359,東京通信グループ,情報・通信業
7360,オンデック,サービス業
7361,ヒューマンクリエイション HD,サービス業
7362,T.S.I,サービス業
7363,ベビーカレンダー,サービス業
7365,シックHD,サービス業
7366,LITALICO,サービス業
7367,セルム,サービス業
7368,表示灯,サービス業
7369,メイホー HD,サービス業
7370,Enjin,サービス業
7371,Zenken,情報・通信業
7372,デコルテHD,サービス業
7373,アイドマHD,サービス業
7374,コンフィデンス・インターワークス,サービス業
7375,リファインバースグループ,サービス業
7376,BCC,サービス業
7377,DN HD,サービス業
7378,アシロ,サービス業
7379,サーキュレーション,サービス業
7380,十六 FG,銀行業
7381,CCIグループ,銀行業
7383,ネットプロテクションズ HD,情報・通信業
7384,プロクレア HD,銀行業
7386,ジャパンワランティサポート,その他金融業
7388,FPパートナー,保険業
7389,あいち FG,銀行業
7399,ナンシン,輸送用機器
7404,昭和飛行機工業,輸送用機器
7408,ジャムコ,輸送用機器
7409,AeroEdge,金属製品
7412,アトム,小売業
7413,創健社,卸売業
7414,小野建,卸売業
7415,新星堂,小売業
7416,はるやま HD,小売業
7417,南陽,卸売業
7419,ノジマ,小売業
7420,佐鳥電機,卸売業
7421,カッパ・クリエイト,小売業
7422,東邦レマック,卸売業
7425,初穂商事,卸売業
7426,山大,卸売業
7427,エコートレーディング,卸売業
7430,DCMサンワ,小売業
7432,ダルトン,卸売業
7433,伯東,卸売業
7434,オータケ,卸売業
7435,ナ・デックス,卸売業
7438,コンドーテック,卸売業
7441,Misumi,卸売業
7442,中山福,卸売業
7443,横浜魚類,卸売業
7444,ハリマ共和物産,卸売業
7445,ライトオン,小売業
7446,東北化学薬品,卸売業
7447,ナガイレーベン,卸売業
7448,ジーンズメイト,小売業
7450,サンデー,小売業
7451,三菱食品,卸売業
7452,マツヤ,小売業
7453,良品計画,小売業
7455,パリミキ HD,小売業
7456,松田産業,卸売業
7457,セキテクノトロン,卸売業
7458,第一興商,卸売業
7459,メディパル HD,卸売業
7460,ヤギ,卸売業
7461,キムラ,卸売業
7462,CAPITA,小売業
7463,アドヴァン,卸売業
7464,セフテック,卸売業
7465,マックスバリュ北海道,小売業
7466,SPK,卸売業
7467,萩原電気 HD,卸売業
7468,アムスク,卸売業
7472,鳥羽洋行,卸売業
7473,静岡スバル自動車,卸売業
7475,アルビス,小売業
7476,アズワン,卸売業
7477,ムラキ,卸売業
7478,ブルーグラス,小売業
7480,スズデン,卸売業
7481,尾家産業,卸売業
7482,シモジマ,卸売業
7483,ドウシシャ,卸売業
7485,岡谷鋼機,卸売業
7486,サンリン,卸売業
7487,小津産業,卸売業
7488,ヤガミ,卸売業
7489,越智産業,卸売業
7490,日新商事,卸売業
7491,オーエー・システム・プラザ,小売業
7493,マルミヤストア,小売業
7494,コナカ,小売業
7500,西川計測,卸売業
7501,ティムコ,卸売業
7502,プラザ HD,サービス業
7503,アイ・エム・アイ,卸売業
7504,高速,卸売業
7505,扶桑電通,卸売業
7506,ハウスオブローゼ,小売業
7508,G-7 HD,小売業
7509,アイエーグループ,小売業
7510,たけびし,卸売業
7512,イオン北海道,小売業
7513,コジマ,小売業
7514,ヒマラヤ,小売業
7515,マルヨシセンター,小売業
7516,コーナン商事,小売業
7517,黒田電気,卸売業
7518,ネットワンシステムズ,情報・通信業
7519,五洋インテックス,卸売業
7520,エコス,小売業
7521,ムサシ,卸売業
7522,ワタミ,小売業
7523,アールビバン,小売業
7524,マルシェ,小売業
7525,リックス,卸売業
7527,システムソフト,情報・通信業
7531,清和中央 HD,卸売業
7532,パン・パシフィック・インターナショナル HD,小売業
7533,グリーンクロス,卸売業
7535,グッドマン,卸売業
7537,丸文,卸売業
7538,大水,卸売業
7539,アイナボ HD,卸売業
7541,メガネトップ,小売業
7542,ビスケー HD,卸売業
7544,スリーエフ,小売業
7545,西松屋チェーン,小売業
7550,ゼンショー HD,小売業
7551,ウェッズ,卸売業
7552,ハピネット,卸売業
7553,サザビーリーグ,小売業
7554,幸楽苑,小売業
7555,大田花き,卸売業
7558,ネクスティエレクトロニクス,卸売業
7559,ジーエフシー,卸売業
7560,ユニマットライフ,サービス業
7561,ハークスレイ,小売業
7562,安楽亭,小売業
7563,日発販売,卸売業
7564,ワークマン,小売業
7565,萬世電機,卸売業
7566,ジャパンケアサービスグループ,小売業
7567,栄電子,卸売業
7568,クレックス,小売業
7570,橋本総業 HD,卸売業
7571,ヤマノ HD,小売業
7574,共信テクノソニック,卸売業
7575,日本ライフライン,卸売業
7577,HAPiNS,小売業
7578,ニチリョク,小売業
7581,サイゼリヤ,小売業
7585,かんなん丸,小売業
7587,パルテック(PALTEK),卸売業
7590,タカショー,卸売業
7591,エクセル,卸売業
7593,VT HD,小売業
7594,マルカ,卸売業
7595,アルゴグラフィックス,情報・通信業
7596,魚力,小売業
7597,東京貴宝,卸売業
7598,ナイスクラップ,小売業
7599,IDOM,卸売業
7600,日本エム・ディ・エム,精密機器
7601,ポプラ,小売業
7602,レダックス,卸売業
7603,ジーイエット,小売業
7604,梅の花グループ,小売業
7605,フジ・コーポレーション,小売業
7606,ユナイテッドアローズ,小売業
7607,進和,卸売業
7608,エスケイジャパン,卸売業
7609,ダイトロン,卸売業
7610,テイツー,小売業
7611,ハイデイ日高,小売業
7612,Nuts,卸売業
7613,シークス,卸売業
7614,オーエムツーネットワーク,小売業
7615,京都きもの友禅 HD,小売業
7616,コロワイド,小売業
7617,オオゼキ,小売業
7618,ピーシーデポコーポレーション,小売業
7619,田中商事,卸売業
7620,ヤマトマテリアル,卸売業
7621,うかい,小売業
7622,さかい,小売業
7623,サンオータス,小売業
7624,NaITO,卸売業
7625,グローバルダイニング,小売業
7627,なか卯,小売業
7628,オーハシテクニカ,卸売業
7630,壱番屋,小売業
7631,マクニカ,卸売業
7634,星医療酸器,卸売業
7635,杉田エース,卸売業
7636,ハンズマン,小売業
7637,白銅,卸売業
7638,NEW ART HOLDINGS,小売業
7640,トップカルチャー,小売業
7641,セカンドストリート,小売業
7642,ビジョンHD,小売業
7643,ダイイチ,小売業
7645,日本トイザらス,小売業
7646,PLANT,小売業
7647,音通,小売業
7648,トーカン,卸売業
7649,スギ HD,小売業
7670,オーウエル,卸売業
7671,AmidA HD,小売業
7673,ダイコー通産,卸売業
7674,NATTY SWANKY HD,小売業
7675,セントラルフォレストグループ,卸売業
7676,グッドスピード,小売業
7677,ヤシマキザイ,卸売業
7678,あさくま,小売業
7679,薬王堂 HD,小売業
7681,レオクラン,卸売業
7682,浜木綿,小売業
7683,ダブルエー,小売業
7685,BuySell Technologies,卸売業
7686,ひとまいる,卸売業
7687,ミクリード,卸売業
7688,ミアヘルサ,小売業
7689,コパ・コーポレーション,卸売業
7692,アースインフィニティ,小売業
7694,いつも,サービス業
7695,交換できるくん,サービス業
7697,REXT,小売業
7698,アイスコ,卸売業
7699,オムニ・プラス・システム・リミテッド,外国法人・組合
7701,島津製作所,精密機器
7702,ジェイ・エム・エス(称号JMS),精密機器
7703,川澄化学工業,精密機器
7704,日立アロカメディカル,電気機器
7705,ジーエルサイエンス,精密機器
7706,セントラルユニ,精密機器
7707,プレシジョン・システム・サイエンス,精密機器
7708,石山Gateway HD,精密機器
7709,クボテック,精密機器
7711,助川電気工業,精密機器
7713,シグマ光機,精密機器
7714,モリテックス,精密機器
7715,長野計器,精密機器
7716,ナカニシ,精密機器
7717,ブイ・テクノロジー,精密機器
7718,スター精密,機械
7719,東京衡機,精密機器
7721,東京計器,精密機器
7722,国際計測器,精密機器
7723,愛知時計電機,精密機器
7725,インターアクション,精密機器
7726,黒田精工,機械
7727,オーバル,精密機器
7728,日本電産トーソク,輸送用機器
7729,東京精密,精密機器
7730,マニー,精密機器
7731,ニコン,精密機器
7732,トプコン,精密機器
7733,オリンパス,精密機器
7734,理研計器,精密機器
7735,SCREEN HD,電気機器
7736,ユニオン HD,精密機器
7739,キヤノン電子,電気機器
7740,タムロン,精密機器
7741,HOYA,精密機器
7743,シード,精密機器
7744,ノーリツ鋼機,精密機器
7745,A&Dホロン HD,精密機器
7746,岡本硝子,精密機器
7747,朝日インテック,精密機器
7748,ホロン,精密機器
7749,メディキット,精密機器
7751,キヤノン,電気機器
7752,リコー,電気機器
7756,日本電産コパル,精密機器
7757,日本電産サンキョー,精密機器
7758,セコニック,機械
7760,IMV,精密機器
7762,シチズン時計,精密機器
7768,ジェコー,精密機器
7769,リズム,精密機器
7771,日本精密,精密機器
7772,ナノテックス,精密機器
7773,エルモ社,精密機器
7774,ジャパン・ティッシュエンジニアリング,精密機器
7775,大研医器,精密機器
7776,セルシード,精密機器
7777,スリー・ディー・マトリックス,精密機器
7778,アドメテック,その他製品
7779,CYBERDYNE,精密機器
7780,メニコン,精密機器
7781,平山 HD,精密機器
7782,シンシア,精密機器
7790,バルコス,その他製品
7791,ドリームベッド,その他製品
7792,コラントッテ,その他製品
7793,イメージ・マジック,その他製品
7794,イーディーピー,その他製品
7795,KYORITSU,その他製品
7800,アミファ,卸売業
7803,ブシロード,その他製品
7804,ビーアンドピー,その他製品
7805,プリントネット,その他製品
7806,MTG,その他製品
7807,幸和製作所,その他製品
7808,シー・エス・ランバー,その他製品
7809,壽屋,その他製品
7810,クロスフォー,その他製品
7811,中本パックス,その他製品
7812,クレステック,その他製品
7813,プラッツ,その他製品
7814,日本創発グループ,その他製品
7815,東京ボード工業,その他製品
7816,スノーピーク,その他製品
7817,パラマウントベッド HD,その他製品
7818,トランザクション,その他製品
7819,粧美堂,その他製品
7820,ニホンフラッシュ,その他製品
7821,前田工繊,その他製品
7822,永大産業,その他製品
7823,アートネイチャー,その他製品
7824,オプトロム,その他製品
7825,ダンロップスポーツ,その他製品
7826,フルヤ金属,その他製品
7827,オービス,その他製品
7829,サマンサタバサジャパンリミテッド,その他製品
7831,ウイルコ HD,その他製品
7832,バンダイナムコ HD,その他製品
7833,アイフィスジャパン,その他製品
7834,マジェスティゴルフ,その他製品
7835,ウィズ,その他製品
7836,アビックス,その他製品
7837,アールシーコア,その他製品
7838,共立印刷,その他製品
7839,SHOEI,その他製品
7840,フランスベッド HD,その他製品
7841,遠藤製作所,その他製品
7842,セガトイズ,その他製品
7843,幻冬舎,その他製品
7844,マーベラス,情報・通信業
7845,ハイビック,その他製品
7846,パイロットコーポレーション,その他製品
7847,グラファイトデザイン,その他製品
7849,スターツ出版,情報・通信業
7850,総合商研,その他製品
7851,カワセコンピュータサプライ,その他製品
7853,フード・プラネット,その他製品
7855,カーディナル,その他製品
7856,萩原工業,その他製品
7857,セキ,その他製品
7858,小野産業,化学
7859,アルメディオ,その他製品
7860,エイベックス,情報・通信業
7861,東京リスマチック,その他製品
7862,TOPPANエッジ,その他製品
7863,平賀,その他製品
7864,フジシールインターナショナル,その他製品
7865,ピープル,その他製品
7866,アトラス,その他製品
7867,タカラトミー,その他製品
7868,広済堂 HD,その他製品
7869,日本フォームサービス,その他製品
7870,福島印刷,その他製品
7871,フクビ化学工業,化学
7872,エステール HD,その他製品
7873,アーク,その他製品
7874,レック,化学
7875,竹田iP HD,その他製品
7877,永大化工,化学
7878,光・彩,その他製品
7879,ノダ,その他製品
7882,アロン化成,化学
7883,サンメッセ,その他製品
7885,タカノ,その他製品
7886,ヤマトモビリティ&Mfg.,化学
7887,南海プライウッド,その他製品
7888,三光合成,化学
7889,桑山,その他製品
7891,日本ユピカ,化学
7893,プロネクサス,その他製品
7894,丸東産業,化学
7895,中央化学,化学
7896,セブン工業,その他製品
7897,ホクシン,その他製品
7898,ウッドワン,その他製品
7899,MICS化学,化学
7901,マツモト,その他製品
7902,ソノコム,その他製品
7903,名古屋木材,卸売業
7904,天龍木材,卸売業
7905,DAIKEN,その他製品
7906,ヨネックス,その他製品
7907,大日本木材防腐,その他製品
7908,きもと,化学
7909,シーアイ化成,化学
7911,TOPPAN HD,その他製品
7912,大日本印刷,その他製品
7913,図書印刷,その他製品
7914,共同印刷,その他製品
7915,NISSHA,その他製品
7916,光村印刷,その他製品
7917,ZACROS,化学
7918,ヴィアHD,小売業
7919,野崎印刷紙業,その他製品
7920,三浦印刷,その他製品
7921,TAKARA&COMPANY,その他製品
7922,三光産業,その他製品
7923,トーイン,その他製品
7925,前澤化成工業,化学
7927,ムトー精工,化学
7928,旭化学工業,化学
7931,未来工業,化学
7932,ニッピ,その他製品
7934,メルクス,その他製品
7935,コンビ,その他製品
7936,アシックス,その他製品
7937,ツツミ,その他製品
7938,リーガルコーポレーション,その他製品
7939,研創,その他製品
7940,ウェーブロック HD,その他製品
7942,ジェイエスピー,化学
7943,ニチハ,ガラス・土石製品
7944,ローランド,その他製品
7945,コマニー,その他製品
7946,光陽社,その他製品
7947,エフピコ,化学
7949,小松ウオール工業,その他製品
7950,日本デコラックス,化学
7951,ヤマハ,その他製品
7952,河合楽器製作所,その他製品
7953,菊水化学工業,その他製品
7954,EMCOM HD,その他製品
7955,クリナップ,その他製品
7956,ピジョン,その他製品
7957,フジコピアン,その他製品
7958,天馬,化学
7959,オリバー,その他製品
7960,パラマウントベッド,その他製品
7961,兼松サステック,その他製品
7962,キングジム,その他製品
7963,興研,その他製品
7965,象印マホービン,電気機器
7966,リンテック,その他製品
7968,TASAKI,その他製品
7970,信越ポリマー,化学
7971,東リ,化学
7972,イトーキ,その他製品
7974,任天堂,その他製品
7975,リヒトラブ,その他製品
7976,三菱鉛筆,その他製品
7979,松風,精密機器
7980,重松製作所,その他製品
7981,タカラスタンダード,その他製品
7983,ミロク,その他製品
7984,コクヨ,その他製品
7985,ネポン,金属製品
7986,日本アイ・エス・ケイ,その他製品
7987,ナカバヤシ,その他製品
7988,ニフコ,化学
7989,立川ブラインド工業,金属製品
7990,グローブライド,その他製品
7991,マミヤ・オーピー,機械
7992,セーラー万年筆,その他製品
7993,サンウエーブ工業,その他製品
7994,オカムラ,その他製品
7995,バルカー,化学
7997,くろがね工作所,その他製品
7999,MUTOH HD,電気機器
8001,伊藤忠商事,卸売業
8002,丸紅,卸売業
8005,スクロール,小売業
8006,ユアサ・フナショク,卸売業
8007,高島,卸売業
8008,ヨンドシー HD,卸売業
8011,三陽商会,繊維製品
8012,長瀬産業,卸売業
8013,ナイガイ,繊維製品
8014,蝶理,卸売業
8015,豊田通商,卸売業
8016,オンワード HD,繊維製品
8018,三共生興,卸売業
8020,兼松,卸売業
8022,美津濃,その他製品
8023,DAIKO XTECH,卸売業
8025,ツカモトコーポレーション,卸売業
8027,ルシアン,卸売業
8028,ファミリーマート,小売業
8029,ルック HD,繊維製品
8030,中央魚類,卸売業
8031,三井物産,卸売業
8032,日本紙パルプ商事,卸売業
8035,東京エレクトロン,電気機器
8036,日立ハイテク,卸売業
8037,カメイ,卸売業
8038,東都水産,卸売業
8039,築地魚市場,卸売業
8040,東京ソワール,繊維製品
8041,OUG HD,卸売業
8042,日本マタイ,卸売業
8043,スターゼン,卸売業
8044,大都魚類,卸売業
8045,横浜丸魚,卸売業
8046,丸藤シートパイル,卸売業
8050,セイコーグループ,精密機器
8051,山善,卸売業
8052,椿本興業,卸売業
8053,住友商事,卸売業
8056,BIPROGY,情報・通信業
8057,内田洋行,卸売業
8058,三菱商事,卸売業
8059,第一実業,卸売業
8060,キヤノンマーケティングジャパン,卸売業
8061,西華産業,卸売業
8062,三国商事,卸売業
8065,佐藤商事,卸売業
8066,三谷商事,卸売業
8068,菱洋エレクトロ,卸売業
8070,東京産業,卸売業
8071,東海エレクトロニクス,卸売業
8072,日本出版貿易,卸売業
8073,MAGねっと HD,その他金融業
8074,ユアサ商事,卸売業
8075,神鋼商事,卸売業
8076,カノークス,卸売業
8077,トルク,卸売業
8078,阪和興業,卸売業
8079,正栄食品工業,卸売業
8080,ジョイス,小売業
8081,カナデン,卸売業
8084,RYODEN,卸売業
8085,ナラサキ産業,卸売業
8086,ニプロ,精密機器
8087,フルサト工業,卸売業
8088,岩谷産業,卸売業
8089,ナイス,卸売業
8090,昭光通商,卸売業
8091,ニチモウ,卸売業
8092,富士通Japan,情報・通信業
8093,極東貿易,卸売業
8095,アステナ HD,卸売業
8096,兼松エレクトロニクス,情報・通信業
8097,三愛オブリ,卸売業
8098,稲畑産業,卸売業
8101,GSIクレオス,卸売業
8103,明和産業,卸売業
8104,クワザワ HD,卸売業
8105,Bitcoin Japan,卸売業
8107,キムラタン,繊維製品
8108,ヤマエ久野,卸売業
8109,山洋工業,卸売業
8110,JFE商事,卸売業
8111,ゴールドウイン,繊維製品
8112,東京スタイル,卸売業
8113,ユニ・チャーム,化学
8114,デサント,繊維製品
8115,ムーンバット,卸売業
8117,中央自動車工業,卸売業
8118,キング,繊維製品
8119,三栄コーポレーション,卸売業
8120,大木,卸売業
8123,川辺,卸売業
8125,ワキタ,卸売業
8127,ヤマトインターナショナル,繊維製品
8129,東邦 HD,卸売業
8130,サンゲツ,卸売業
8131,ミツウロコグループ HD,卸売業
8132,シナネン HD,卸売業
8133,伊藤忠エネクス,卸売業
8134,ザ・トーカイ,小売業
8135,ゼット,卸売業
8136,サンリオ,卸売業
8137,サンワテクノス,卸売業
8138,三京化成,卸売業
8139,ナガホリ,卸売業
8140,リョーサン,卸売業
8141,新光商事,卸売業
8142,トーホー,卸売業
8143,ラピーヌ,繊維製品
8144,デンキョーグループ HD,卸売業
8145,中部水産,卸売業
8147,トミタ,卸売業
8148,上原成商事,卸売業
8150,三信電気,卸売業
8151,東陽テクニカ,卸売業
8152,ソマール,卸売業
8153,モスフードサービス,卸売業
8154,加賀電子,卸売業
8155,三益半導体工業,金属製品
8157,都築電気,卸売業
8158,ソーダニッカ,卸売業
8159,立花エレテック,卸売業
8160,木曽路,小売業
8163,SRS HD,小売業
8165,千趣会,小売業
8166,タカキュー,小売業
8167,リテールパートナーズ,小売業
8168,ケーヨー,小売業
8170,アデランス,その他製品
8171,マックスバリュ中部,小売業
8173,上新電機,小売業
8174,日本瓦斯,小売業
8175,ベスト電器,小売業
8178,マルエツ,小売業
8179,ロイヤル HD,小売業
8181,東天紅,小売業
8182,いなげや,小売業
8184,島忠,小売業
8185,チヨダ,小売業
8186,大塚家具,小売業
8187,京樽,小売業
8190,ヤマナカ,小売業
8191,光製作所,卸売業
8192,サンライズ工業,小売業
8193,鈴丹,小売業
8194,ライフコーポレーション,小売業
8196,カスミ,小売業
8198,マックスバリュ東海,小売業
8200,リンガーハット,小売業
8201,さが美グループ HD,小売業
8202,ラオックス HD,小売業
8203,ミスターマックスHD,小売業
8205,シャクリー・グローバル・グループ,卸売業
8207,テンアライド,小売業
8208,エンチョー,小売業
8209,フレンドリー,小売業
8214,AOKI HD,小売業
8215,銀座山形屋,小売業
8216,アークミール,小売業
8217,オークワ,小売業
8218,コメリ,小売業
8219,青山商事,小売業
8225,タカチホ,卸売業
8226,理経,卸売業
8227,しまむら,小売業
8228,マルイチ産商,卸売業
8229,CFSコーポレーション,医薬品
8230,はせがわ,小売業
8233,髙島屋,小売業
8236,丸善雄松堂,小売業
8237,松屋,小売業
8242,エイチ・ツー・オーリテイリング,小売業
8244,近鉄百貨店,小売業
8245,興和ファシリティズ,小売業
8246,岩田屋,小売業
8247,大和,小売業
8248,ニッセン HD,小売業
8249,テクノアソシエ,卸売業
8251,パルコ,小売業
8252,丸井グループ,小売業
8253,クレディセゾン,その他金融業
8254,さいか屋,小売業
8255,アクシアルリテイリング,小売業
8256,プロルート丸光,卸売業
8257,山陽百貨店,小売業
8260,井筒屋,小売業
8263,ダイエー,小売業
8266,イズミヤ,小売業
8267,イオン,小売業
8270,ユニーグループHD,小売業
8273,イズミ,小売業
8274,東武ストア,小売業
8275,フォーバル,卸売業
8276,平和堂,小売業
8278,フジ,小売業
8279,ヤオコー,小売業
8281,ゼビオ HD,小売業
8282,ケーズ HD,小売業
8283,PALTAC,卸売業
8285,三谷産業,卸売業
8287,マックスバリュ西日本,小売業
8289,Olympicグループ,小売業
8291,日産東京販売 HD,小売業
8293,ATグループ,小売業
8298,ファミリー,小売業
8303,SBI新生銀行,銀行業
8304,あおぞら銀行,銀行業
8306,三菱UFJ FG,銀行業
8308,りそな HD,銀行業
8309,三井住友トラストグループ,銀行業
8316,三井住友 FG,銀行業
8324,第四北越銀行,銀行業
8325,北越銀行,銀行業
8327,西日本シティ銀行,銀行業
8328,札幌北洋 HD,銀行業
8331,千葉銀行,銀行業
8332,横浜銀行,銀行業
8333,常陽銀行,銀行業
8334,群馬銀行,銀行業
8336,武蔵野銀行,銀行業
8337,千葉興業銀行,銀行業
8338,筑波銀行,銀行業
8339,東京都民銀行,銀行業
8341,七十七銀行,銀行業
8342,青森みちのく銀行,銀行業
8343,秋田銀行,銀行業
8344,山形銀行,銀行業
8345,岩手銀行,銀行業
8346,東邦銀行,銀行業
8347,荘内銀行,銀行業
8349,東北銀行,銀行業
8350,みちのく銀行,銀行業
8354,ふくおか FG,銀行業
8355,静岡銀行,銀行業
8356,十六銀行,銀行業
8358,スルガ銀行,銀行業
8359,八十二長野銀行,銀行業
8360,山梨中央銀行,銀行業
8361,大垣共立銀行,銀行業
8362,福井銀行,銀行業
8363,北國銀行,銀行業
8364,清水銀行,銀行業
8365,富山銀行,銀行業
8366,滋賀銀行,銀行業
8367,南都銀行,銀行業
8368,百五銀行,銀行業
8369,京都銀行,銀行業
8370,紀陽銀行,銀行業
8374,三重銀行,銀行業
8375,池田泉州銀行,銀行業
8377,ほくほく FG,銀行業
8379,広島銀行,銀行業
8381,山陰合同銀行,銀行業
8382,中国銀行,銀行業
8383,鳥取銀行,銀行業
8385,伊予銀行,銀行業
8386,百十四銀行,銀行業
8387,四国銀行,銀行業
8388,阿波銀行,銀行業
8390,鹿児島銀行,銀行業
8392,大分銀行,銀行業
8393,宮崎銀行,銀行業
8394,肥後銀行,銀行業
8395,佐賀銀行,銀行業
8396,十八銀行,銀行業
8397,沖縄銀行,銀行業
8398,筑邦銀行,銀行業
8399,琉球銀行,銀行業
8403,三井住友信託銀行,銀行業
8404,みずほ信託銀行,銀行業
8409,きらぼし銀行,銀行業
8410,セブン銀行,銀行業
8411,みずほ FG,銀行業
8415,紀陽 HD,銀行業
8416,高知銀行,銀行業
8418,山口 FG,銀行業
8421,信金中央金庫,その他金融業
8423,アクリーティブ,その他金融業
8424,芙蓉総合リース,その他金融業
8425,みずほリース,その他金融業
8426,ブルーホライゾン債権回収,その他金融業
8439,東京センチュリー,その他金融業
8462,フューチャーベンチャーキャピタル,証券、商品先物取引業
8473,SBI HD,証券、商品先物取引業
8489,ジャパン・ファイナンシャル・ソリューションズ,その他金融業
8508,Jトラスト,その他金融業
8511,日本証券金融,その他金融業
8513,中部証券金融,その他金融業
8514,RHインシグノ,その他金融業
8515,アイフル,その他金融業
8518,日本アジア投資,証券、商品先物取引業
8519,ポケットカード,その他金融業
8520,きらやか銀行,銀行業
8521,長野銀行,銀行業
8522,名古屋銀行,銀行業
8524,北洋銀行,銀行業
8527,愛知銀行,銀行業
8528,岐阜銀行,銀行業
8529,第三銀行,銀行業
8530,中京銀行,銀行業
8536,東日本銀行,銀行業
8537,大光銀行,銀行業
8540,福岡中央銀行,銀行業
8541,愛媛銀行,銀行業
8542,トマト銀行,銀行業
8543,みなと銀行,銀行業
8544,京葉銀行,銀行業
8545,関西アーバン銀行,銀行業
8550,栃木銀行,銀行業
8551,北日本銀行,銀行業
8552,びわこ銀行,銀行業
8554,南日本銀行,銀行業
8556,香川銀行,銀行業
8558,東和銀行,銀行業
8559,豊和銀行,銀行業
8560,宮崎太陽銀行,銀行業
8561,徳島銀行,銀行業
8562,福島銀行,銀行業
8563,大東銀行,銀行業
8564,更生会社武富士,その他金融業
8566,リコーリース,その他金融業
8568,シンキ,その他金融業
8570,イオンフィナンシャルサービス,その他金融業
8571,NISグループ,その他金融業
8572,アコム,その他金融業
8574,SMBCコンシューマーファイナンス,その他金融業
8584,ジャックス,その他金融業
8585,オリエントコーポレーション,その他金融業
8586,日立キャピタル,その他金融業
8588,セントラルファイナンス,サービス業
8589,アプラスフィナンシャル,その他金融業
8591,オリックス,その他金融業
8593,三菱HCキャピタル,その他金融業
8594,中道リース,その他金融業
8595,ジャフコグループ,証券、商品先物取引業
8596,九州リースサービス,その他金融業
8600,トモニ HD,銀行業
8601,大和証券G,証券、商品先物取引業
8604,野村 HD,証券、商品先物取引業
8606,みずほ証券,証券、商品先物取引業
8607,みずほインベスターズ証券,証券、商品先物取引業
8609,岡三証券グループ,証券、商品先物取引業
8613,丸三証券,証券、商品先物取引業
8614,東洋証券,証券、商品先物取引業
8616,東海東京フィナンシャルHD,証券、商品先物取引業
8617,光世証券,証券、商品先物取引業
8622,水戸証券,証券、商品先物取引業
8624,いちよし証券,証券、商品先物取引業
8625,髙木証券,証券、商品先物取引業
8628,松井証券,証券、商品先物取引業
8630,SOMPO HD,保険業
8634,ジェー・ピー・モルガン・チェース・アンド・カンパニー(JPMorgan Chase&Co.),銀行業
8648,バンク・オブ・アメリカ・コーポレーション(Bank of America Corporation),銀行業
8685,アメリカン・インターナショナル・グループ・インク,保険業
8686,AFLAC Incorporated,保険業
8692,だいこう証券ビジネス,証券、商品先物取引業
8697,日本取引所グループ,その他金融業
8698,マネックスグループ,証券、商品先物取引業
8699,HS HD,証券、商品先物取引業
8700,丸八証券,証券、商品先物取引業
8702,スター HD,証券、商品先物取引業
8703,三菱UFJeスマート証券,証券、商品先物取引業
8704,トレイダーズ HD,証券、商品先物取引業
8705,日産証券グループ,証券、商品先物取引業
8706,極東証券,証券、商品先物取引業
8707,岩井コスモ HD,証券、商品先物取引業
8708,アイザワ証券グループ,証券、商品先物取引業
8709,インヴァスト証券,証券、商品先物取引業
8710,シティグループ・インク,銀行業
8711,FXプライムbyGMO,証券、商品先物取引業
8713,フィデア HD,銀行業
8714,池田泉州 HD,銀行業
8715,アニコム HD,保険業
8718,JPN HD,その他金融業
8725,MS&ADインシュアランスグループ HD,保険業
8728,マネースクウェアHD,証券、商品先物取引業
8729,ソニー FG,保険業
8732,マネーパートナーズグループ,証券、商品先物取引業
8734,アストマックス・トレーディング,サービス業
8735,SBIフューチャーズ,その他金融業
8737,あかつき本社,証券、商品先物取引業
8738,ひまわり HD,証券、商品先物取引業
8739,スパークス・グループ,証券、商品先物取引業
8740,フジトミ証券,証券、商品先物取引業
8742,小林洋行,証券、商品先物取引業
8744,ユニコムグループ HD,その他金融業
8746,unbanked,証券、商品先物取引業
8747,豊トラスティ証券,証券、商品先物取引業
8749,エース交易,証券、商品先物取引業
8750,第一ライフグループ,保険業
8754,日本興亜損害保険,保険業
8755,損害保険ジャパン,保険業
8761,あいおいニッセイ同和損害保険,保険業
8766,東京海上 HD,保険業
8767,ウェブクルー,保険業
8769,アドバンテッジリスクマネジメント,保険業
8771,イー・ギャランティ,その他金融業
8772,アサックス,その他金融業
8783,abc,その他金融業
8787,UCS,その他金融業
8789,フィンテックグローバル,その他金融業
8793,NECキャピタルソリューション,その他金融業
8795,T&D HD,保険業
8798,アドバンスクリエイト,保険業
8801,三井不動産,不動産業
8802,三菱地所,不動産業
8803,平和不動産,不動産業
8804,東京建物,不動産業
8806,ダイビル,不動産業
8809,サンケイビル,不動産業
8815,東急不動産,不動産業
8818,京阪神ビルディング,不動産業
8821,立飛企業,不動産業
8830,住友不動産,不動産業
8833,東宝不動産,不動産業
8834,三菱地所レジデンス,不動産業
8835,太平洋興発,卸売業
8836,RISE,不動産業
8838,有楽土地,不動産業
8840,大京,不動産業
8841,テーオーシー,不動産業
8842,東京楽天地,不動産業
8844,コスモスイニシア,不動産業
8848,レオパレス21,不動産業
8850,スターツコーポレーション,不動産業
8851,アーバンライフ,不動産業
8854,日住サービス,不動産業
8860,フジ住宅,不動産業
8864,空港施設,不動産業
8866,コマーシャル・アールイー,不動産業
8869,明和地所,不動産業
8870,住友不動産販売,不動産業
8871,ゴールドクレスト,不動産業
8872,エイブル,不動産業
8875,東栄住宅,不動産業
8876,リログループ,サービス業
8877,エスリード,不動産業
8879,東急リバブル,不動産業
8880,飯田産業,不動産業
8881,日神グループ HD,不動産業
8885,ラ・アトレ,不動産業
8886,ウッドフレンズ,不動産業
8887,シーラ HD,不動産業
8889,EL CAMINO REAL,不動産業
8890,レーサム,不動産業
8891,AMG HD,不動産業
8892,エスコン,不動産業
8893,新日本建物,不動産業
8894,REVOLUTION,不動産業
8895,アーネストワン,不動産業
8897,MIRARTH HD,不動産業
8898,センチュリー21・ジャパン,不動産業
8900,セイクレスト,不動産業
8903,サンウッド,不動産業
8904,AVANTIA,不動産業
8905,イオンモール,不動産業
8907,フージャースコーポレーション,不動産業
8908,毎日コムネット,不動産業
8909,シノケングループ,不動産業
8910,サンシティ,不動産業
8912,エリアクエスト,不動産業
8913,ゼクス,不動産業
8914,エリアリンク,不動産業
8915,タクトホーム,不動産業
8917,ファースト住建,不動産業
8918,ランド,不動産業
8919,カチタス,不動産業
8920,東祥,サービス業
8922,日本アセットマーケティング,不動産業
8923,トーセイ,不動産業
8925,アルデプロ,不動産業
8927,明豊エンタープライズ,不動産業
8928,穴吹興産,不動産業
8929,青山財産ネットワークス,不動産業
8931,和田興産,不動産業
8933,NTT都市開発,不動産業
8934,サンフロンティア不動産,不動産業
8935,FJネクスト HD,不動産業
8938,グロームHD,不動産業
8939,大和システム,不動産業
8940,インテリックス,不動産業
8944,ランドビジネス,不動産業
8945,サンネクスタグループ,不動産業
8946,ASIAN STAR,不動産業
8992,グッドマンジャパン,サービス業
8993,アトリウムリアルティ,不動産業
8995,誠建設工業,不動産業
8996,ハウスフリーダム,不動産業
8997,日本パーキング,不動産業
8998,SBIライフリビング,不動産業
8999,グランディハウス,不動産業
9001,東武鉄道,陸運業
9003,相鉄 HD,陸運業
9005,東急,陸運業
9006,京浜急行電鉄,陸運業
9007,小田急電鉄,陸運業
9008,京王電鉄,陸運業
9009,京成電鉄,陸運業
9010,富士急行,陸運業
9012,秩父鉄道,陸運業
9014,新京成電鉄,陸運業
9017,新潟交通,陸運業
9020,東日本旅客鉄道,陸運業
9021,西日本旅客鉄道,陸運業
9022,東海旅客鉄道,陸運業
9023,東京地下鉄,陸運業
9024,西武 HD,陸運業
9025,鴻池運輸,陸運業
9027,ロジネットジャパン,陸運業
9028,ゼロ,陸運業
9029,ヒガシ HD,陸運業
9031,西日本鉄道,陸運業
9033,広島電鉄,陸運業
9034,南総通運,陸運業
9035,第一交通産業,陸運業
9036,東部ネットワーク,陸運業
9037,ハマキョウレックス,陸運業
9039,サカイ引越センター,陸運業
9040,大宝運輸,陸運業
9041,近鉄グループ HD,陸運業
9042,阪急阪神 HD,陸運業
9044,南海電気鉄道,陸運業
9045,京阪 HD,陸運業
9046,神戸電鉄,陸運業
9047,名糖運輸,陸運業
9048,名古屋鉄道,陸運業
9049,京福電気鉄道,陸運業
9051,センコン物流,陸運業
9052,山陽電気鉄道,陸運業
9053,中央運輸,陸運業
9055,アルプス物流,陸運業
9056,ヒューテックノオリン,陸運業
9057,遠州トラック,陸運業
9058,トランコム,倉庫・運輸関連
9059,カンダ HD,陸運業
9060,日本ロジテム,陸運業
9061,富士物流,陸運業
9062,日本通運,陸運業
9063,岡山県貨物運送,陸運業
9064,ヤマト HD,陸運業
9065,山九,陸運業
9066,日新,倉庫・運輸関連
9067,丸運,陸運業
9068,丸全昭和運輸,陸運業
9069,センコーグループ HD,陸運業
9070,トナミ HD,陸運業
9072,ニッコン HD,陸運業
9073,京極運輸商事,陸運業
9074,日本石油輸送,陸運業
9075,福山通運,陸運業
9076,セイノー HD,陸運業
9077,名鉄運輸,陸運業
9078,エスラインG,陸運業
9081,神奈川中央交通,陸運業
9082,大和自動車交通,陸運業
9083,神姫バス,陸運業
9085,北海道中央バス,陸運業
9086,Lマネジメント,陸運業
9087,タカセ,陸運業
9090,AZ-COM丸和 HD,陸運業
9099,C&Fロジ HD,陸運業
9101,日本郵船,海運業
9104,商船三井,海運業
9107,川崎汽船,海運業
9110,NSユナイテッド海運,海運業
9113,乾汽船,海運業
9115,明海グループ,海運業
9119,飯野海運,海運業
9123,太平洋海運,海運業
9127,玉井商船,海運業
9130,共栄タンカー,海運業
9132,第一中央汽船,海運業
9133,東栄リーファーライン,海運業
9142,九州旅客鉄道,陸運業
9143,SG HD,陸運業
9145,ビーイング HD,陸運業
9147,NIPPON EXPRESS HD,陸運業
9157,スタジアム,サービス業
9158,シーユーシー,サービス業
9159,W TOKYO,サービス業
9160,ノバレーゼ,サービス業
9161,ID&E HD,サービス業
9162,ブリーチ,サービス業
9163,ナレルグループ,サービス業
9164,トライト,サービス業
9165,クオルテック,サービス業
9166,GENDA,サービス業
9168,ライズ・コンサルティング・グループ,サービス業
9170,成友興業,サービス業
9171,栗林商船,海運業
9173,東海汽船,海運業
9174,ワンダーテーブル,海運業
9176,佐渡汽船,海運業
9179,川崎近海汽船,海運業
9180,NSユナイテッド内航海運,海運業
9193,東京汽船,倉庫・運輸関連
9201,日本航空,空運業
9202,ANA HD,空運業
9204,スカイマーク,空運業
9205,更生会社日本航空,空運業
9206,スターフライヤー,空運業
9211,エフ・コード,サービス業
9212,Green Earth Institute,サービス業
9213,セイファート,サービス業
9214,Recovery International,サービス業
9215,CaSy,サービス業
9216,ビーウィズ,サービス業
9217,Repertoire Genesis,医薬品
9218,メンタルヘルステクノロジーズ,情報・通信業
9219,ギックス,サービス業
9220,エフビー介護サービス,サービス業
9221,フルハシEPO,サービス業
9223,ASNOVA,サービス業
9225,ブリッジコンサルティンググループ,サービス業
9227,マイクロ波化学,サービス業
9229,サンウェルズ,サービス業
9232,パスコ,空運業
9233,アジア航測,空運業
9234,国際航業 HD,空運業
9235,売れるネット広告社グループ,情報・通信業
9236,ジャパンM&Aソリューション,サービス業
9237,笑美面,サービス業
9238,バリュークリエーション,サービス業
9240,デリバリーコンサルティング,情報・通信業
9241,フューチャーリンクネットワーク,サービス業
9242,メディア総研,サービス業
9244,デジタリフト,サービス業
9245,リベロ,サービス業
9246,プロジェクト HD,サービス業
9247,TRE HD,サービス業
9248,人・夢・技術グループ,サービス業
9249,日本エコシステム,サービス業
9250,GRCS,サービス業
9251,AB&Company,サービス業
9252,ラストワンマイル,情報・通信業
9253,スローガン,サービス業
9254,ラバブルマーケティンググループ,情報・通信業
9255,ZEALS,情報・通信業
9256,サクシード,サービス業
9257,YCP HD(グローバル)リミテッド,外国法人・組合
9258,CS-C,情報・通信業
9259,タカヨシ HD,サービス業
9260,西本Wismettac HD,卸売業
9262,シルバーライフ,卸売業
9263,ビジョナリー HD,小売業
9264,ポエック,卸売業
9265,ヤマシタヘルスケア HD,卸売業
9266,一家ダイニングプロジェクト,小売業
9267,Genky DrugStores,小売業
9268,オプティマスグループ,卸売業
9270,バリュエンス HD,卸売業
9271,和心,小売業
9272,ブティックス,小売業
9273,コーア商事 HD,医薬品
9274,KPPグループ HD,卸売業
9275,ナルミヤ・インターナショナル,小売業
9277,総合メディカル HD,小売業
9278,ブックオフグループ HD,小売業
9279,ギフト HD,小売業
9301,三菱倉庫,倉庫・運輸関連
9302,三井倉庫 HD,倉庫・運輸関連
9303,住友倉庫,倉庫・運輸関連
9304,澁澤倉庫,倉庫・運輸関連
9305,ヤマタネ,卸売業
9306,東陽倉庫,倉庫・運輸関連
9307,杉村倉庫,倉庫・運輸関連
9308,乾汽船,海運業
9310,日本トランスシティ,倉庫・運輸関連
9311,アサガミ,倉庫・運輸関連
9312,ケイヒン,倉庫・運輸関連
9313,丸八倉庫,倉庫・運輸関連
9314,品川倉庫建物,倉庫・運輸関連
9317,オーナミ,倉庫・運輸関連
9318,アジア開発キャピタル,証券、商品先物取引業
9319,中央倉庫,倉庫・運輸関連
9320,三和倉庫,倉庫・運輸関連
9321,アイ・ロジスティクス,倉庫・運輸関連
9322,川西倉庫,倉庫・運輸関連
9324,安田倉庫,倉庫・運輸関連
9325,ファイズ HD,サービス業
9326,関通,倉庫・運輸関連
9327,イー・ロジット,倉庫・運輸関連
9330,揚羽,サービス業
9331,キャスター,サービス業
9332,NISSO HD,サービス業
9333,Earth Technology Group,サービス業
9336,大栄環境,サービス業
9337,トリドリ,サービス業
9338,INFORICH,サービス業
9339,コーチ・エィ,サービス業
9340,アソインターナショナル,その他製品
9341,GENOVA,サービス業
9342,スマサポ,サービス業
9343,アイビス,サービス業
9344,アクシスコンサルティング,サービス業
9345,ビズメイツ,サービス業
9346,ココルポート,サービス業
9347,日本管財 HD,サービス業
9348,ispace,輸送用機器
9349,キタムラHD,サービス業
9351,東洋埠頭,倉庫・運輸関連
9353,櫻島埠頭,倉庫・運輸関連
9355,リンコーコーポレーション,倉庫・運輸関連
9357,名港海運,倉庫・運輸関連
9358,宇徳,倉庫・運輸関連
9359,伊勢湾海運,倉庫・運輸関連
9360,鈴与シンワート,倉庫・運輸関連
9361,伏木海陸運送,倉庫・運輸関連
9362,兵機海運,倉庫・運輸関連
9363,大運,倉庫・運輸関連
9364,上組,倉庫・運輸関連
9365,トレーディア,倉庫・運輸関連
9366,サンリツ,倉庫・運輸関連
9367,大東港運,倉庫・運輸関連
9368,キムラユニティー,倉庫・運輸関連
9369,キユーソー流通システム,倉庫・運輸関連
9370,郵船ロジスティクス,倉庫・運輸関連
9373,ニッコウトラベル,サービス業
9375,近鉄エクスプレス,倉庫・運輸関連
9376,ユーラシア旅行社,サービス業
9377,エージーピー,倉庫・運輸関連
9378,ワールド・ロジ,倉庫・運輸関連
9380,東海運,倉庫・運輸関連
9381,エーアイテイー,倉庫・運輸関連
9382,バンテック,陸運業
9384,内外トランスライン,倉庫・運輸関連
9385,ショーエイコーポレーション,化学
9386,日本コンセプト,倉庫・運輸関連
9388,パパネッツ,倉庫・運輸関連
9399,ビートHD・リミテッド(貝德控股、Beat HD Limited),情報・通信業
9401,TBS HD,情報・通信業
9402,中部日本放送,情報・通信業
9404,日本テレビ HD,情報・通信業
9405,朝日放送グループ HD,情報・通信業
9407,RKB毎日 HD,情報・通信業
9408,BSNメディア HD,情報・通信業
9409,テレビ朝日 HD,情報・通信業
9411,テレビ東京,情報・通信業
9412,スカパーJSAT HD,情報・通信業
9413,テレビ東京 HD,情報・通信業
9414,日本BS放送,情報・通信業
9416,ビジョン,情報・通信業
9417,スマートバリュー,情報・通信業
9418,U-NEXT HOLDINGS,情報・通信業
9419,ワイヤレスゲート,情報・通信業
9421,エヌジェイ HD,情報・通信業
9422,コネクシオ,情報・通信業
9423,フォーバル・リアルストレート,情報・通信業
9424,日本通信,情報・通信業
9425,ReYuu Japan,情報・通信業
9427,イー・アクセス,情報・通信業
9428,クロップス,情報・通信業
9430,MXモバイリング,情報・通信業
9432,NTT,情報・通信業
9433,KDDI,情報・通信業
9434,ソフトバンク,情報・通信業
9435,光通信,情報・通信業
9436,沖縄セルラー電話,情報・通信業
9437,NTTドコモ,情報・通信業
9438,エムティーアイ,情報・通信業
9439,エム・エイチ・グループ,サービス業
9441,ベルパーク,情報・通信業
9444,トーシン HD,情報・通信業
9445,フォーバルテレコム,情報・通信業
9446,サカイ HD,情報・通信業
9449,GMOインターネットグループ,情報・通信業
9450,ファイバーゲート,情報・通信業
9466,アイドママーケティングコミュニケーション,情報・通信業
9467,アルファポリス,情報・通信業
9468,KADOKAWA,情報・通信業
9470,学研 HD,情報・通信業
9471,文溪堂,情報・通信業
9474,ゼンリン,情報・通信業
9475,昭文社 HD,情報・通信業
9476,中央経済社 HD,情報・通信業
9477,KADOKAWA,情報・通信業
9478,SE HD・アンド・インキュベーションズ,情報・通信業
9479,インプレス HD,情報・通信業
9501,東京電力 HD,電気・ガス業
9502,中部電力,電気・ガス業
9503,関西電力,電気・ガス業
9504,中国電力,電気・ガス業
9505,北陸電力,電気・ガス業
9506,東北電力,電気・ガス業
9507,四国電力,電気・ガス業
9508,九州電力,電気・ガス業
9509,北海道電力,電気・ガス業
9511,沖縄電力,電気・ガス業
9513,電源開発,電気・ガス業
9514,エフオン,電気・ガス業
9517,イーレックス,電気・ガス業
9518,東京電力パワーグリッド,電気・ガス業
9519,レノバ,電気・ガス業
9522,リニューアブル・ジャパン,電気・ガス業
9531,東京瓦斯,電気・ガス業
9532,大阪瓦斯,電気・ガス業
9533,東邦瓦斯,電気・ガス業
9534,北海道瓦斯,電気・ガス業
9535,広島ガス,電気・ガス業
9536,西部ガス HD,電気・ガス業
9537,北陸瓦斯,電気・ガス業
9539,京葉瓦斯,電気・ガス業
9540,中部瓦斯,電気・ガス業
9541,大多喜ガス,電気・ガス業
9542,新日本瓦斯,電気・ガス業
9543,静岡ガス,電気・ガス業
9544,東日本ガス,電気・ガス業
9551,メタウォーター,電気・ガス業
9552,クオンツ総研 HD,サービス業
9553,マイクロアド,サービス業
9554,AViC,サービス業
9556,INTLOOP,サービス業
9557,エアークローゼット,サービス業
9558,ジャパニアス,サービス業
9560,プログリット,サービス業
9561,グラッドキューブ,サービス業
9562,ビジネスコーチ,サービス業
9563,Atlas Technologies,サービス業
9564,FCE,サービス業
9565,GLOE,サービス業
9600,アイネット,情報・通信業
9601,松竹,情報・通信業
9602,東宝,情報・通信業
9603,エイチ・アイ・エス,サービス業
9604,国際放映,サービス業
9605,東映,情報・通信業
9607,AOI Pro.,情報・通信業
9608,福山コンサルタント,サービス業
9610,ウィルソン・ラーニングワールドワイド,サービス業
9611,大黒屋グローバルホールディング,サービス業
9612,ラックランド,サービス業
9613,NTTデータグループ,情報・通信業
9615,東京美装興業,サービス業
9616,共立メンテナンス,サービス業
9617,全教研,サービス業
9619,イチネン HD,サービス業
9621,建設技術研究所,サービス業
9622,スペース,サービス業
9623,キヤノンソフトウェア,サービス業
9624,長大,サービス業
9625,セレスポ,サービス業
9627,アイン HD,小売業
9628,燦 HD,サービス業
9629,ピー・シー・エー,情報・通信業
9631,東急レクリエーション,サービス業
9632,スバル興業,サービス業
9633,東京テアトル,サービス業
9635,武蔵野興業,サービス業
9636,きんえい,サービス業
9637,オーエス,サービス業
9638,情報技術開発,情報・通信業
9639,三協フロンテア,サービス業
9640,セゾンテクノロジー,情報・通信業
9641,サコス,サービス業
9643,中日本興業,サービス業
9644,タナベコンサルティンググループ,サービス業
9647,協和コンサルタンツ,サービス業
9648,ウエスコ,サービス業
9651,日本プロセス,情報・通信業
9652,ソラスト,サービス業
9654,コーエーテクモゲームス,サービス業
9656,グリーンランドリゾート,サービス業
9657,コムテック,情報・通信業
9658,ビジネスブレイン太田昭和,情報・通信業
9661,歌舞伎座,サービス業
9663,ナガワ,サービス業
9664,御園座,サービス業
9667,ホリプロ,サービス業
9671,よみうりランド,サービス業
9672,東京都競馬,サービス業
9674,花月園観光,サービス業
9675,常磐興産,サービス業
9678,カナモト,サービス業
9679,ホウライ,サービス業
9680,共成レンテム,サービス業
9681,東京ドーム,サービス業
9682,DTS,情報・通信業
9684,スクウェア・エニックスHD,情報・通信業
9685,KYCOM HD,情報・通信業
9686,東洋テック,サービス業
9687,KSK,情報・通信業
9691,両毛システムズ,情報・通信業
9692,シーイーシー,情報・通信業
9695,鴨川グランドホテル,サービス業
9696,ウィザス,サービス業
9697,カプコン,情報・通信業
9698,クレオ,情報・通信業
9699,ニシオ HD,サービス業
9701,東京會舘,サービス業
9702,アイ・エス・ビー,情報・通信業
9704,アゴーラホスピタリティーグループ,サービス業
9706,日本空港ビルデング,不動産業
9707,ユニマットリタイアメント・コミュニティ,サービス業
9708,帝国ホテル,サービス業
9709,NCS&A,情報・通信業
9713,ロイヤルホテル,サービス業
9715,トランス・コスモス,サービス業
9716,乃村工藝社,サービス業
9717,ジャステック,情報・通信業
9719,SCSK,情報・通信業
9720,ホテル、ニューグランド,サービス業
9722,藤田観光,サービス業
9723,京都ホテル,サービス業
9726,KNT-CT HD,サービス業
9728,日本管財,サービス業
9729,トーカイ,サービス業
9731,白洋舍,サービス業
9733,ナガセ,サービス業
9734,精養軒,サービス業
9735,セコム,サービス業
9736,白青舎,サービス業
9737,CSK,サービス業
9739,NSW,情報・通信業
9740,セントラル警備保障,サービス業
9741,日立情報システムズ,サービス業
9742,アイネス,情報・通信業
9743,丹青社,サービス業
9744,メイテックグループ HD,サービス業
9746,TKC,情報・通信業
9747,アサツーディ・ケイ,サービス業
9748,NTTデータNJK,情報・通信業
9749,富士ソフト,情報・通信業
9750,ソラン,サービス業
9753,アイエックス・ナレッジ,情報・通信業
9755,応用地質,サービス業
9757,船井総研 HD,サービス業
9758,ジャパンシステム,情報・通信業
9759,NSD,情報・通信業
9760,進学会 HD,サービス業
9761,東海リース,サービス業
9763,丸建リース,卸売業
9764,技研興業,建設業
9765,オオバ,サービス業
9766,コナミグループ,情報・通信業
9767,日建工学,サービス業
9768,いであ,サービス業
9769,学究社,サービス業
9776,札幌臨床検査センター,サービス業
9778,昴,サービス業
9780,ハリマビステム,サービス業
9782,ディーエムエス,サービス業
9783,ベネッセ HD,サービス業
9784,日本工業検査,サービス業
9787,イオンディライト,サービス業
9788,ナック,サービス業
9789,栄光,サービス業
9790,福井コンピュータ HD,情報・通信業
9791,ビケンテクノ,サービス業
9792,ニチイ学館,サービス業
9793,ダイセキ,サービス業
9794,カラカミ観光,サービス業
9795,ステップ,サービス業
9797,大日本コンサルタント,サービス業
9799,旭情報サービス,情報・通信業
9810,日鉄物産,卸売業
9812,テーオー HD,卸売業
9813,トッキ,小売業
9814,アシックス商事,卸売業
9815,カテナ,サービス業
9816,ストライダーズ,卸売業
9817,ゴトー,小売業
9818,大丸エナウィン,卸売業
9819,ゆめマート北九州,小売業
9820,エムティジェネックス,不動産業
9822,クロニクル,小売業
9823,マミーマート HD,小売業
9824,泉州電業,卸売業
9826,JEUGIA,小売業
9827,リリカラ,卸売業
9828,Genki Global Dining Concepts,小売業
9829,ながの東急百貨店,小売業
9830,トラスコ中山,卸売業
9831,ヤマダ HD,小売業
9832,オートバックスセブン,卸売業
9834,リオチェーン HD,小売業
9835,ジュンテンドー,小売業
9836,リーバイ・ストラウスジャパン,卸売業
9837,モリト,卸売業
9838,RHトラベラー,小売業
9842,アークランズ,小売業
9843,ニトリ HD,小売業
9844,ユーエスシー,卸売業
9845,パーカーコーポレーション,化学
9846,天満屋ストア,小売業
9849,共同紙販 HD,卸売業
9850,グルメ杵屋,小売業
9852,CBグループマネジメント,卸売業
9853,銀座ルノアール,小売業
9854,愛眼,小売業
9855,DCMくろがねや,小売業
9856,ケーユー HD,小売業
9857,英和,卸売業
9861,吉野家 HD,小売業
9866,マルキョウ,小売業
9867,ソレキア,卸売業
9869,加藤産業,卸売業
9870,ハナテン,小売業
9872,北恵,卸売業
9873,日本KFC HD,小売業
9874,丸和,小売業
9876,コックス,小売業
9878,セキド,小売業
9880,イノテック,電気機器
9882,イエローハット,卸売業
9883,富士エレクトロニクス,卸売業
9884,都築電産,卸売業
9885,シャルレ,卸売業
9887,松屋フーズ HD,小売業
9888,UEX,卸売業
9889,JBCC HD,情報・通信業
9890,マキヤ,小売業
9892,卑弥呼,卸売業
9895,コンセック,卸売業
9896,JK HD,卸売業
9897,ユニダックス,卸売業
9898,サハダイヤモンド,卸売業
9899,ジョリーパスタ,小売業
9900,サガミ HD,小売業
9902,日伝,卸売業
9903,カンセキ,小売業
9904,ベリテ,小売業
9905,コージツ,小売業
9906,藤井産業,卸売業
9908,日本電計,卸売業
9909,愛光電気,卸売業
9912,ダイワボウ情報システム,卸売業
9913,日邦産業,卸売業
9914,植松商会,卸売業
9916,バイタルネット,卸売業
9919,関西フードマーケット,小売業
9922,日立機材,金属製品
9924,ドミー,小売業
9927,ワットマン,小売業
9928,ミロク情報サービス,情報・通信業
9929,平和紙業,卸売業
9930,北沢産業,卸売業
9931,家族亭,小売業
9932,杉本商事,卸売業
9934,因幡電機産業,卸売業
9935,あずみ,小売業
9936,王将フードサービス,小売業
9937,セシール,小売業
9938,住金物産,卸売業
9939,すみや,小売業
9941,太洋物産,卸売業
9942,ジョイフル,小売業
9943,ココスジャパン,小売業
9945,プレナス,小売業
9946,ミニストップ,小売業
9948,アークス,小売業
9949,タイヨー,小売業
9950,ハチバン,小売業
9955,ヨンキュウ,卸売業
9956,バロー HD,小売業
9957,バイテック HD,卸売業
9959,アシード HD,小売業
9960,東テク,卸売業
9961,エムオーテック,卸売業
9962,ミスミG,卸売業
9963,江守グループ HD,卸売業
9964,アイ・テック,卸売業
9966,藤久,小売業
9967,堺商事,卸売業
9968,一や,小売業
9969,ショクブン,小売業
9972,アルテック,卸売業
9973,KOZO HD,小売業
9974,ベルク,小売業
9975,マルヤ,小売業
9976,セキチュー,小売業
9977,アオキスーパー,小売業
9978,文教堂グループ HD,小売業
9979,大庄,小売業
9980,MRK HD,小売業
9982,タキヒヨー,卸売業
9983,ファーストリテイリング,小売業
9984,ソフトバンクグループ,情報・通信業
9986,蔵王産業,卸売業
9987,スズケン,卸売業
9989,サンドラッグ,小売業
9990,サックスバー HD,小売業
9991,ジェコス,卸売業
9992,理研グリーン,卸売業
9993,ヤマザワ,小売業
9994,やまや,小売業
9995,グローセル,卸売業
9996,サトー商会,卸売業
9997,ベルーナ,小売業
